SOURCE_NODE,TARGET_NODE,JOB_NUM,JOB_NAMES,ACTION_TYPE,EDGE_ORIGIN,REF_CONTEXT,IS_SELF_LOOP
APP_LKP_M_MON_VAR_V,LKP_M_MON_VAR,1,ALL|Daily Load|Reset Pull,LOAD_APPEND,JOB_STANDARD,DATA,N
APP_LKP_M_MON_OPP_VAR_V,LKP_M_MON_OPP_VAR,4,ALL|Daily Load|Reset Pull,LOAD_APPEND,JOB_STANDARD,DATA,N
LKP_A_PULL_VAR_V,LKP_A_PULL_VAR,6,ALL|Daily Load|Reset Pull,LOAD_REPLACE,JOB_STANDARD,DATA,N
LKP_A_PULL_OPP_VAR_V,LKP_A_PULL_OPP_VAR,7,ALL|Daily Load|Reset Pull,LOAD_REPLACE,JOB_STANDARD,DATA,N
APP_LKP_M_MON_DTC_VAR_V,LKP_M_MON_DTC_VAR,8,ALL|Daily Load|Reset Pull,LOAD_APPEND,JOB_STANDARD,DATA,N
LKP_A_PULL_DTC_VAR_V,LKP_A_PULL_DTC_VAR,10,ALL|Daily Load|Reset Pull,LOAD_REPLACE,JOB_STANDARD,DATA,N
LKP_A_LTST_PROD_V,LKP_A_LTST_PROD,11,ALL|Daily Load|Reset Pull,LOAD_REPLACE,JOB_STANDARD,DATA,N
LKP_A_LTST_ACCT_V,LKP_A_LTST_ACCT,12,ALL|Daily Load|Reset Pull|EOM Compare,LOAD_REPLACE,JOB_STANDARD,DATA,N
SCD_CON_DTL_MANUAL_TMP_V,SCD_CON_DTL_MANUAL,13,Custom Lines,LOAD_APPEND,JOB_STANDARD,DATA,N
APP_LKP_M_BKG_USR_V,LKP_M_BKG_USR,15,ALL|Daily Load,LOAD_APPEND,JOB_STANDARD,DATA,N
LKP_M_BKG_USR_INTERNAL_V,LKP_M_BKG_USR,16,ALL|Daily Load,LOAD_KEYED,JOB_STANDARD,DATA,N
LKP_A_OPPTY_CON_LINK_V,LKP_A_OPPTY_CON_LINK,22,ALL|Daily Load,LOAD_REPLACE,JOB_STANDARD,DATA,N
MRG_HDR_DTL_V,MRG_HDR_DTL,23,ALL|Daily Load,LOAD_REPLACE,JOB_STANDARD,DATA,N
APP_SNAP_MRG_HDR_DTL_V,SNAP_MRG_HDR_DTL,24,ALL|Daily Load,LOAD_APPEND,JOB_STANDARD,DATA,N
APP_SNAP_EMP_CURR_V,LKP_M_ERM_EMP_CURRENT,25,ALL|Daily Load,LOAD_KEYED,JOB_STANDARD,DATA,N
STG_SCD_CON_S0A_V,STG_SCD_CON_S0A,26,ALL|Daily Load,LOAD_REPLACE,JOB_STANDARD,DATA,N
STG_SCD_CON_S0B_V,STG_SCD_CON_S0B,27,ALL|Daily Load,LOAD_REPLACE,JOB_STANDARD,DATA,N
STG_SCD_CON_S1_V,STG_SCD_CON_S1,28,ALL|Daily Load,LOAD_REPLACE,JOB_STANDARD,DATA,N
STG_SCD_CON_S2_V,STG_SCD_CON_S2,29,ALL|Daily Load,LOAD_REPLACE,JOB_STANDARD,DATA,N
STG_SCD_CON_S3_V,STG_SCD_CON_S3,30,ALL|Daily Load,LOAD_REPLACE,JOB_STANDARD,DATA,N
STG_SCD_CON_S3_LKP1_V,STG_SCD_CON_S3_LKP1,31,ALL|Daily Load,LOAD_REPLACE,JOB_STANDARD,DATA,N
STG_SCD_CON_S3_LKP2_V,STG_SCD_CON_S3_LKP2,32,ALL|Daily Load,LOAD_REPLACE,JOB_STANDARD,DATA,N
STG_SCD_CON_S3_LKP3_V,STG_SCD_CON_S3_LKP3,33,ALL|Daily Load,LOAD_REPLACE,JOB_STANDARD,DATA,N
STG_SCD_CON_S4_V,STG_SCD_CON_S4,34,ALL|Daily Load,LOAD_REPLACE,JOB_STANDARD,DATA,N
STG_SCD_CON_S5_V,STG_SCD_CON_S5,35,ALL|Daily Load,LOAD_REPLACE,JOB_STANDARD,DATA,N
STG_SCD_CON_S6_V,STG_SCD_CON_S6,36,ALL|Daily Load,LOAD_REPLACE,JOB_STANDARD,DATA,N
STG_SCD_CON_S7_V,STG_SCD_CON_S7,37,ALL|Daily Load,LOAD_REPLACE,JOB_STANDARD,DATA,N
STG_SCD_CON_S8_V,STG_SCD_CON_S8,38,ALL|Daily Load,LOAD_REPLACE,JOB_STANDARD,DATA,N
STG_SCD_CON_S5,SCD_CON_DTL,39,ALL|Daily Load,UPDATE,JOB_SQL,DATA,N
STG_SCD_CON_S5,SCD_CON_DTL,39,ALL|Daily Load,UPDATE,JOB_SQL,FILTER,N
APP_SCD_CON_DTL_V,SCD_CON_DTL,41,ALL|Daily Load,LOAD_APPEND,JOB_STANDARD,DATA,N
STG_SCD_CON_S6,SCD_CON_HDR,42,ALL|Daily Load,UPDATE,JOB_SQL,DATA,N
STG_SCD_CON_S6,SCD_CON_HDR,42,ALL|Daily Load,UPDATE,JOB_SQL,FILTER,N
APP_SCD_CON_HDR_V,SCD_CON_HDR,44,ALL|Daily Load,LOAD_APPEND,JOB_STANDARD,DATA,N
STG_SCD_CON_S7,SCD_CON_DTL_X,45,ALL|Daily Load,UPDATE,JOB_SQL,DATA,N
STG_SCD_CON_S7,SCD_CON_DTL_X,45,ALL|Daily Load,UPDATE,JOB_SQL,FILTER,N
APP_SCD_CON_DTL_X_V,SCD_CON_DTL_X,47,ALL|Daily Load,LOAD_APPEND,JOB_STANDARD,DATA,N
STG_SCD_CON_S8,SCD_CON_HDR_X,48,ALL|Daily Load,UPDATE,JOB_SQL,DATA,N
STG_SCD_CON_S8,SCD_CON_HDR_X,48,ALL|Daily Load,UPDATE,JOB_SQL,FILTER,N
APP_SCD_CON_HDR_X_V,SCD_CON_HDR_X,50,ALL|Daily Load,LOAD_APPEND,JOB_STANDARD,DATA,N
STG_SCD_CON_DTL_SPLIT_S1_V,STG_SCD_CON_DTL_SPLIT_S1,51,ALL|Daily Load,LOAD_REPLACE,JOB_STANDARD,DATA,N
STG_SCD_CON_DTL_SPLIT_S2_V,STG_SCD_CON_DTL_SPLIT_S2,52,ALL|Daily Load,LOAD_REPLACE,JOB_STANDARD,DATA,N
APP_SCD_CON_DTL_SPLIT_V,SCD_CON_DTL,53,ALL|Daily Load,LOAD_APPEND,JOB_STANDARD,DATA,N
STG_SCD_CON_DTL_SPLIT_S2,SCD_CON_DTL,54,ALL|Daily Load,UPDATE,JOB_SQL,DATA,N
STG_SCD_CON_DTL_SPLIT_S2,SCD_CON_DTL,54,ALL|Daily Load,UPDATE,JOB_SQL,FILTER,N
STG_CON_HDR_DUPL_S1_V,STG_CON_HDR_DUPL_S1,55,ALL|Daily Load,LOAD_REPLACE,JOB_STANDARD,DATA,N
STG_CON_HDR_DUPL_S2_V,STG_CON_HDR_DUPL_S2,56,ALL|Daily Load,LOAD_REPLACE,JOB_STANDARD,DATA,N
STG_CON_HDR_DUPL_S2,SCD_CON_HDR_DUPL,57,ALL|Daily Load,UPDATE,JOB_SQL,DATA,N
STG_CON_HDR_DUPL_S2,SCD_CON_HDR_DUPL,57,ALL|Daily Load,UPDATE,JOB_SQL,FILTER,N
APP_SCD_CON_HDR_DUPL_V,SCD_CON_HDR_DUPL,58,ALL|Daily Load,LOAD_APPEND,JOB_STANDARD,DATA,N
XCP_MISSING_PRODUCTS_V,XCP_MISSING_PRODUCTS,60,ALL|Daily Load,LOAD_REPLACE,JOB_STANDARD,DATA,N
XCP_MISSING_BILL_CUST_V,XCP_MISSING_BILL_CUST,61,ALL|Daily Load,LOAD_REPLACE,JOB_STANDARD,DATA,N
XCP_MISSING_END_CUST_V,XCP_MISSING_END_CUST,62,ALL|Daily Load,LOAD_REPLACE,JOB_STANDARD,DATA,N
XCP_MISSING_BILLING_TYPE_V,XCP_MISSING_BILLING_TYPE,63,ALL|Daily Load,LOAD_REPLACE,JOB_STANDARD,DATA,N
APP_LKP_A_MSTR_ACCT_V,LKP_A_MSTR_ACCT,64,ALL|Daily Load,LOAD_APPEND,JOB_STANDARD,DATA,N
LKP_A_ACCT_SCD_CON_DTL_V,LKP_A_ACCT_SCD_CON_DTL,65,ALL|Daily Load,LOAD_REPLACE,JOB_STANDARD,DATA,N
APP_SNAP_ERM_ACCT_V,SNAP_ERM_ACCT,66,ALL|Daily Load,LOAD_KEYED,JOB_STANDARD,DATA,N
STG_MRC_DTL_S1_V,STG_MRC_DTL_S1,67,ALL|Daily Load,LOAD_REPLACE,JOB_STANDARD,DATA,N
STG_MRC_DTL_S2_V,STG_MRC_DTL_S2,68,ALL|Daily Load,LOAD_REPLACE,JOB_STANDARD,DATA,N
STG_MRC_DTL_S3_V,STG_MRC_DTL_S3,69,ALL|Daily Load,LOAD_REPLACE,JOB_STANDARD,DATA,N
STG_SCD_CON_DTL_OVR_MPC_S1_V,STG_SCD_CON_DTL_OVR_MPC_S1,70,ALL|Daily Load,LOAD_REPLACE,JOB_STANDARD,DATA,N
APP_MRC_DTL_V,SNAP_MRC_DTL,71,ALL|Daily Load,LOAD_KEYED,JOB_STANDARD,DATA,N
APP_SCD_CON_DTL_OVR_MPC_V,SCD_CON_DTL_OVR,72,ALL|Daily Load,LOAD_APPEND,JOB_STANDARD,DATA,N
STG_SCD_OPPTY_S1_V,STG_SCD_OPPTY_S1,73,ALL|Daily Load,LOAD_REPLACE,JOB_STANDARD,DATA,N
STG_SCD_OPPTY_S2_V,STG_SCD_OPPTY_S2,74,ALL|Daily Load,LOAD_REPLACE,JOB_STANDARD,DATA,N
STG_SCD_OPPTY_S2,SCD_OPPTY,75,ALL|Daily Load|Daily List,UPDATE,JOB_SQL,DATA,N
STG_SCD_OPPTY_S2,SCD_OPPTY,75,ALL|Daily Load|Daily List,UPDATE,JOB_SQL,FILTER,N
APP_SCD_OPPTY_V,SCD_OPPTY,76,ALL|Daily Load|Daily List,LOAD_APPEND,JOB_STANDARD,DATA,N
LKP_A_PULL_CON_SNAPDATE_OVR_V,LKP_A_PULL_CON_SNAPDATE_OVR,81,ALL|Excel Pull|EOM Snap,LOAD_REPLACE,JOB_STANDARD,DATA,N
LKP_A_COE_CUST_ROLL_V,LKP_A_COE_CUST_ROLL,82,Excel Pull|EOM Compare,LOAD_REPLACE,JOB_STANDARD,DATA,N
LKP_A_PULL_OPP_VAR,LKP_X_PULL_OPP_VAR,83,Excel Pull|Daily List|Snap Daily List|Opp Acct Assign,LOAD_REPLACE,JOB_STANDARD,DATA,N
RPT_DAILY_LIST_1C_V,RPT_DAILY_LIST_1C,87,Excel Pull|Daily List|Snap Daily List,LOAD_REPLACE,JOB_STANDARD,DATA,N
RPT_DAILY_LIST_V,RPT_DAILY_LIST,88,Excel Pull|Daily List|Snap Daily List,LOAD_REPLACE,JOB_STANDARD,DATA,N
LKP_A_PULL_DAILY_LIST_ACCTS_V,LKP_A_PULL_DAILY_LIST_ACCTS,89,ALL|Excel Pull|EOM Snap|Daily List,LOAD_REPLACE,JOB_STANDARD,DATA,N
APP_SNAP_DAILY_LIST_V,SNAP_DAILY_LIST,90,Snap Daily List|Excel Pull,LOAD_KEYED,JOB_STANDARD,DATA,N
STG_DAILY_LIST_CON_OPPTY_S1_V,STG_DAILY_LIST_CON_OPPTY_S1,91,ALL|Excel Pull,LOAD_REPLACE,JOB_STANDARD,DATA,N
STG_DAILY_LIST_CON_OPPTY_S2_V,STG_DAILY_LIST_CON_OPPTY_S2,92,ALL|Excel Pull,LOAD_REPLACE,JOB_STANDARD,DATA,N
STG_DAILY_LIST_CON_OPPTY_S3_V,STG_DAILY_LIST_CON_OPPTY_S3,93,ALL|Excel Pull,LOAD_REPLACE,JOB_STANDARD,DATA,N
STG_DAILY_LIST_CON_OPPTY_S4_V,STG_DAILY_LIST_CON_OPPTY_S4,94,ALL|Excel Pull,LOAD_REPLACE,JOB_STANDARD,DATA,N
STG_DAILY_LIST_CON_OPPTY_S5_V,STG_DAILY_LIST_CON_OPPTY_S5,95,ALL|Excel Pull,LOAD_REPLACE,JOB_STANDARD,DATA,N
SCD_CON_DTL_OVR_PULL_LCK_V,SCD_CON_DTL_OVR_PULL_LCK,96,ALL|Excel Pull|EOM Snap,LOAD_REPLACE,JOB_STANDARD,DATA,N
STG_PULL_CON_COMPARE_S1_V,STG_PULL_CON_COMPARE_S1,97,ALL|Excel Pull,LOAD_REPLACE,JOB_STANDARD,DATA,N
STG_PULL_CON_COMPARE_S2_V,STG_PULL_CON_COMPARE_S2,98,ALL|Excel Pull,LOAD_REPLACE,JOB_STANDARD,DATA,N
STG_PULL_CON_COMPARE_S3_V,STG_PULL_CON_COMPARE_S3,99,ALL|Excel Pull,LOAD_REPLACE,JOB_STANDARD,DATA,N
STG_PULL_CON_COMPARE_S4_V,STG_PULL_CON_COMPARE_S4,100,ALL|Excel Pull,LOAD_REPLACE,JOB_STANDARD,DATA,N
STG_PULL_CON_COMPARE_S5_V,STG_PULL_CON_COMPARE_S5,101,ALL|Excel Pull,LOAD_REPLACE,JOB_STANDARD,DATA,N
RPT_PULL_CON_COMPARE_V,RPT_PULL_CON_COMPARE,102,ALL|Excel Pull,LOAD_REPLACE,JOB_STANDARD,DATA,N
APP_SNAP_PULL_CON_COMPARE_V,SNAP_PULL_CON_COMPARE,103,ALL|Excel Pull,LOAD_KEYED,JOB_STANDARD,DATA,N
WEB_COMP_TCV_ACV_S0A_V,WEB_COMP_TCV_ACV_S0A,104,ALL|Excel Pull,LOAD_REPLACE,JOB_STANDARD,DATA,N
WEB_COMP_TCV_ACV_S0B_V,WEB_COMP_TCV_ACV_S0B,105,ALL|Excel Pull,LOAD_REPLACE,JOB_STANDARD,DATA,N
WEB_COMP_TCV_ACV_S1_V,WEB_COMP_TCV_ACV_S1,106,ALL|Excel Pull,LOAD_REPLACE,JOB_STANDARD,DATA,N
WEB_COMP_TCV_ACV_S1A_V,WEB_COMP_TCV_ACV_S1A,107,ALL|Excel Pull,LOAD_REPLACE,JOB_STANDARD,DATA,N
WEB_COMP_TCV_ACV_S1B_V,WEB_COMP_TCV_ACV_S1B,108,ALL|Excel Pull,LOAD_REPLACE,JOB_STANDARD,DATA,N
WEB_COMP_TCV_ACV_S2_V,WEB_COMP_TCV_ACV_S2,109,ALL|Excel Pull,LOAD_REPLACE,JOB_STANDARD,DATA,N
WEB_COMP_TCV_ACV_S2A_V,WEB_COMP_TCV_ACV_S2A,110,ALL|Excel Pull,LOAD_REPLACE,JOB_STANDARD,DATA,N
WEB_COMP_TCV_ACV_S2B_V,WEB_COMP_TCV_ACV_S2B,111,ALL|Excel Pull,LOAD_REPLACE,JOB_STANDARD,DATA,N
WEB_COMP_TCV_ACV_S3_V,WEB_COMP_TCV_ACV_S3,112,ALL|Excel Pull,LOAD_REPLACE,JOB_STANDARD,DATA,N
WEB_COMP_TCV_ACV_S4_V,WEB_COMP_TCV_ACV_S4,113,ALL|Excel Pull,LOAD_REPLACE,JOB_STANDARD,DATA,N
WEB_COMP_TCV_ACV_S5_V,SNAP_TCV_ACV,114,ALL|Excel Pull,LOAD_KEYED,JOB_STANDARD,DATA,N
APX_PULL_CON_COMPARE_V,APX_PULL_CON_COMPARE,116,ALL|Excel Pull,LOAD_KEYED,JOB_STANDARD,DATA,N
APX_PULL_CON_ACCT_V,APX_PULL_CON_ACCT,117,ALL|Excel Pull,LOAD_KEYED,JOB_STANDARD,DATA,N
STG_XCEPT_S1_V,STG_XCEPT_S1,118,ALL|Excel Pull|Xcept,LOAD_REPLACE,JOB_STANDARD,DATA,N
STG_XCEPT_S2_V,STG_XCEPT_S2,119,ALL|Excel Pull|Xcept,LOAD_REPLACE,JOB_STANDARD,DATA,N
STG_XCEPT_S3_V,STG_XCEPT_S3,120,ALL|Excel Pull|Xcept,LOAD_REPLACE,JOB_STANDARD,DATA,N
STG_XCEPT_S3,SCD_XCEPT,121,ALL|Excel Pull|Xcept,UPDATE,JOB_SQL,FILTER,N
APP_SCD_XCEPT_V,SCD_XCEPT,122,ALL|Excel Pull|Xcept,LOAD_APPEND,JOB_STANDARD,DATA,N
LKP_A_PULL_VAR,SNAP_BKG,124,ALL|EOM Snap,DELETE,JOB_SQL,FILTER,N
APP_SNAP_BKG_V,SNAP_BKG,125,ALL|EOM Snap,INSERT_SELECT,JOB_SQL,DATA,N
LKP_A_ACCT_OWNER_OVR_V,LKP_A_ACCT_OWNER_OVR,126,ALL|EOM Compare,LOAD_REPLACE,JOB_STANDARD,DATA,N
LKP_A_LTST_COE_CURR_V,LKP_A_LTST_COE_CURR,127,ALL|EOM Compare,LOAD_REPLACE,JOB_STANDARD,DATA,N
WEB_COMP_TCV_ACV_S0A_V,WEB_COMP_TCV_ACV_S0A,128,ALL|EOM Compare,LOAD_REPLACE,JOB_STANDARD,DATA,N
WEB_COMP_TCV_ACV_S0B_V,WEB_COMP_TCV_ACV_S0B,129,ALL|EOM Compare,LOAD_REPLACE,JOB_STANDARD,DATA,N
WEB_COMP_TCV_ACV_S1_V,WEB_COMP_TCV_ACV_S1,130,ALL|EOM Compare,LOAD_REPLACE,JOB_STANDARD,DATA,N
WEB_COMP_TCV_ACV_S1A_V,WEB_COMP_TCV_ACV_S1A,131,ALL|EOM Compare,LOAD_REPLACE,JOB_STANDARD,DATA,N
WEB_COMP_TCV_ACV_S1B_V,WEB_COMP_TCV_ACV_S1B,132,ALL|EOM Compare,LOAD_REPLACE,JOB_STANDARD,DATA,N
WEB_COMP_TCV_ACV_S2_V,WEB_COMP_TCV_ACV_S2,133,ALL|EOM Compare,LOAD_REPLACE,JOB_STANDARD,DATA,N
WEB_COMP_TCV_ACV_S2A_V,WEB_COMP_TCV_ACV_S2A,134,ALL|EOM Compare,LOAD_REPLACE,JOB_STANDARD,DATA,N
WEB_COMP_TCV_ACV_S2B_V,WEB_COMP_TCV_ACV_S2B,135,ALL|EOM Compare,LOAD_REPLACE,JOB_STANDARD,DATA,N
WEB_COMP_TCV_ACV_S3_V,WEB_COMP_TCV_ACV_S3,136,ALL|EOM Compare,LOAD_REPLACE,JOB_STANDARD,DATA,N
WEB_COMP_TCV_ACV_S4_V,WEB_COMP_TCV_ACV_S4,137,ALL|EOM Compare,LOAD_REPLACE,JOB_STANDARD,DATA,N
WEB_COMP_TCV_ACV_S5_V,SNAP_TCV_ACV,138,ALL|EOM Compare,LOAD_KEYED,JOB_STANDARD,DATA,N
STG_BKG_COMP_S0_V,STG_BKG_COMP_S0,140,ALL|EOM Compare,LOAD_REPLACE,JOB_STANDARD,DATA,N
STG_BKG_COMP_S0_A_V,STG_BKG_COMP_S0_A,141,ALL|EOM Compare,LOAD_REPLACE,JOB_STANDARD,DATA,N
STG_BKG_COMP_S1_V,STG_BKG_COMP_S1,142,ALL|EOM Compare,LOAD_REPLACE,JOB_STANDARD,DATA,N
STG_BKG_COMP_S2_V,STG_BKG_COMP_S2,143,ALL|EOM Compare,LOAD_REPLACE,JOB_STANDARD,DATA,N
STG_BKG_COMP_S3_V,STG_BKG_COMP_S3,144,ALL|EOM Compare,LOAD_REPLACE,JOB_STANDARD,DATA,N
STG_BKG_COMP_S3A_V,STG_BKG_COMP_S3A,145,ALL|EOM Compare,LOAD_REPLACE,JOB_STANDARD,DATA,N
STG_BKG_COMP_S3B_V,STG_BKG_COMP_S3B,146,ALL|EOM Compare,LOAD_REPLACE,JOB_STANDARD,DATA,N
STG_BKG_COMP_S3C_V,STG_BKG_COMP_S3C,147,ALL|EOM Compare,LOAD_REPLACE,JOB_STANDARD,DATA,N
STG_BKG_COMP_S3D_V,STG_BKG_COMP_S3D,148,ALL|EOM Compare,LOAD_REPLACE,JOB_STANDARD,DATA,N
STG_BKG_COMP_S4_V,STG_BKG_COMP_S4,149,ALL|EOM Compare,LOAD_REPLACE,JOB_STANDARD,DATA,N
STG_BKG_COMP_S4A_V,STG_BKG_COMP_S4A,150,ALL|EOM Compare,LOAD_REPLACE,JOB_STANDARD,DATA,N
APP_SNAP_BKG_COMPARE_V,SNAP_BKG_COMPARE,151,ALL|EOM Compare,LOAD_KEYED,JOB_STANDARD,DATA,N
STG_BKG_COMP_ATT_CALC_S1_V,STG_BKG_COMP_ATT_CALC_S1,152,ALL|EOM Compare,LOAD_REPLACE,JOB_STANDARD,DATA,N
STG_BKG_COMP_ATT_CALC_S2_V,STG_BKG_COMP_ATT_CALC_S2,153,ALL|EOM Compare,LOAD_REPLACE,JOB_STANDARD,DATA,N
SNAP_BKG_PROD_UNITCNT_CLNUP_V,SNAP_BKG_PROD_UNITCNT_CLNUP,154,ALL|EOM Compare,LOAD_REPLACE,JOB_STANDARD,DATA,N
STG_BKG_ACCT_PROD_ROLL_S1_V,STG_BKG_ACCT_PROD_ROLL_S1,155,ALL|EOM Compare,LOAD_REPLACE,JOB_STANDARD,DATA,N
APP_SNAP_BKG_ACCT_PROD_ROLL_V,SNAP_BKG_ACCT_PROD_ROLL,156,ALL|EOM Compare,LOAD_KEYED,JOB_STANDARD,DATA,N
APP_SNAP_BKG_ACCT_ROLL_V,SNAP_BKG_ACCT_ROLL,157,ALL|EOM Compare,LOAD_KEYED,JOB_STANDARD,DATA,N
STG_SNAP_BKG_YTD_DETAIL_S1_V,STG_SNAP_BKG_YTD_DETAIL_S1,158,ALL|EOM Compare,LOAD_REPLACE,JOB_STANDARD,DATA,N
APP_SNAP_BKG_YTD_DETAIL_V,SNAP_BKG_YTD_DETAIL,159,ALL|EOM Compare,LOAD_KEYED,JOB_STANDARD,DATA,N
APP_BKG_COMP_PROD_UPLOAD_V,SNAP_BKG_COMP_PROD_UPLOAD,160,ALL|EOM Compare,LOAD_KEYED,JOB_STANDARD,DATA,N
APP_SNAP_BKG_YTD_STERM_V,SNAP_BKG_YTD_STERM,161,ALL|EOM Compare,LOAD_KEYED,JOB_STANDARD,DATA,N
RPT_PROD_UPLOAD_0A_V,RPT_PROD_UPLOAD_0A,162,ALL|EOM Compare|Swift Rep Gen,LOAD_KEYED,JOB_STANDARD,DATA,N
RPT_PROD_UPLOAD_0B_V,RPT_PROD_UPLOAD_0B,163,ALL|EOM Compare|Swift Rep Gen,LOAD_KEYED,JOB_STANDARD,DATA,N
RPT_PROD_UPLOAD_0C_V,RPT_PROD_UPLOAD_0C,164,ALL|EOM Compare|Swift Rep Gen,LOAD_KEYED,JOB_STANDARD,DATA,N
RPT_PROD_UPLOAD_0D_V,RPT_PROD_UPLOAD_0D,165,ALL|EOM Compare|Swift Rep Gen,LOAD_KEYED,JOB_STANDARD,DATA,N
RPT_PROD_UPLOAD_0D_1_V,RPT_PROD_UPLOAD_0D_1,166,ALL|EOM Compare|Swift Rep Gen,LOAD_REPLACE,JOB_STANDARD,DATA,N
RPT_PROD_UPLOAD_0E_V,RPT_PROD_UPLOAD_0E,167,ALL|EOM Compare|Swift Rep Gen,LOAD_REPLACE,JOB_STANDARD,DATA,N
RPT_PROD_UPLOAD_0F_V,RPT_PROD_UPLOAD_0F,168,ALL|EOM Compare|Swift Rep Gen,LOAD_REPLACE,JOB_STANDARD,DATA,N
RPT_PROD_UPLOAD_0H_1_V,RPT_PROD_UPLOAD_0H_1,169,ALL|EOM Compare|Swift Rep Gen,LOAD_REPLACE,JOB_STANDARD,DATA,N
RPT_PROD_UPLOAD_0H_2_V,RPT_PROD_UPLOAD_0H_2,170,ALL|EOM Compare|Swift Rep Gen,LOAD_REPLACE,JOB_STANDARD,DATA,N
RPT_PROD_UPLOAD_0H_3_V,RPT_PROD_UPLOAD_0H_3,171,ALL|EOM Compare|Swift Rep Gen,LOAD_REPLACE,JOB_STANDARD,DATA,N
RPT_PROD_UPLOAD_1_V,RPT_PROD_UPLOAD_1,172,ALL|EOM Compare|Swift Rep Gen,LOAD_KEYED,JOB_STANDARD,DATA,N
RPT_PROD_UPLOAD_1A_V,RPT_PROD_UPLOAD_1A,173,ALL|EOM Compare|Swift Rep Gen,LOAD_KEYED,JOB_STANDARD,DATA,N
RPT_PROD_UPLOAD_2_V,RPT_PROD_UPLOAD_2,174,ALL|EOM Compare|Swift Rep Gen,LOAD_KEYED,JOB_STANDARD,DATA,N
RPT_PROD_NETTCV_S1_CONLENGTH_V,RPT_PROD_NETTCV_S1_CONLENGTH,175,ALL|EOM Compare|Swift Rep Gen,LOAD_REPLACE,JOB_STANDARD,DATA,N
RPT_PROD_NETTCV_S2_MOST_RECENT_CON_EXT_V,RPT_PROD_NETTCV_S2_MOST_RECENT_CON_EXT,176,ALL|EOM Compare|Swift Rep Gen,LOAD_REPLACE,JOB_STANDARD,DATA,N
RPT_PROD_NETTCV_S3_MOST_RECENT_OTHER_V,RPT_PROD_NETTCV_S3_MOST_RECENT_OTHER,177,ALL|EOM Compare|Swift Rep Gen,LOAD_REPLACE,JOB_STANDARD,DATA,N
RPT_PROD_NETTCV_S4_BKG_W_REN_V,RPT_PROD_NETTCV_S4_BKG_W_REN,178,ALL|EOM Compare|Swift Rep Gen,LOAD_REPLACE,JOB_STANDARD,DATA,N
RPT_PROD_NETTCV_S5_BKG_MOD_V,RPT_PROD_NETTCV_S5_BKG_MOD,179,ALL|EOM Compare|Swift Rep Gen,LOAD_REPLACE,JOB_STANDARD,DATA,N
RPT_PROD_NETTCV_S6_DOM_BKG_V,RPT_PROD_NETTCV_S6_DOM_BKG,180,ALL|EOM Compare|Swift Rep Gen,LOAD_REPLACE,JOB_STANDARD,DATA,N
RPT_PROD_UPLOAD_2A_V,RPT_PROD_UPLOAD_2A,181,ALL|EOM Compare|Swift Rep Gen,LOAD_REPLACE,JOB_STANDARD,DATA,N
RPT_PROD_UPLOAD_3_V,RPT_PROD_UPLOAD_3,182,ALL|EOM Compare|Swift Rep Gen,LOAD_KEYED,JOB_STANDARD,DATA,N
LKP_A_EMP_DGRAT_V,LKP_A_EMP_DGRAT,183,EMP DGRAT,LOAD_REPLACE,JOB_STANDARD,DATA,N
RPT_DAILY_LIST_1C_V,RPT_DAILY_LIST_1C,187,Opp Acct Assign,LOAD_REPLACE,JOB_STANDARD,DATA,N
RPT_DAILY_LIST_V,RPT_DAILY_LIST,188,Opp Acct Assign,LOAD_REPLACE,JOB_STANDARD,DATA,N
STG_OPP_USR_ASGN_S1_V,STG_OPP_USR_ASGN_S1,189,Opp Acct Assign,LOAD_REPLACE,JOB_STANDARD,DATA,N
STG_OPP_USR_ASGN_S2_V,STG_OPP_USR_ASGN_S2,190,Opp Acct Assign,LOAD_REPLACE,JOB_STANDARD,DATA,N
STG_OPP_USR_ASGN_S3_V,STG_OPP_USR_ASGN_S3,191,Opp Acct Assign,LOAD_REPLACE,JOB_STANDARD,DATA,N
STG_OPP_USR_ASGN_S4_V,STG_OPP_USR_ASGN_S4,192,Opp Acct Assign,LOAD_REPLACE,JOB_STANDARD,DATA,N
STG_OPP_USR_ASGN_S5_V,STG_OPP_USR_ASGN_S5,193,Opp Acct Assign,LOAD_REPLACE,JOB_STANDARD,DATA,N
STG_OPP_USR_ASGN_S6_V,LKP_M_BKG_USR_NEW,194,Opp Acct Assign,LOAD_APPEND,JOB_STANDARD,DATA,N
STG_OPP_USR_ASGN_S6A_V,LKP_M_BKG_USR_XCP,195,Opp Acct Assign,LOAD_APPEND,JOB_STANDARD,DATA,N
STG_OPP_USR_ASGN_S6B_V,LKP_M_BKG_USR_NEW,196,Opp Acct Assign,DELETE,JOB_SQL,FILTER,N
STG_OPP_USR_ASGN_S7_V,LKP_M_BKG_USR,197,Opp Acct Assign,LOAD_KEYED,JOB_STANDARD,DATA,N
RPT_BKG_CUST_CON_V,RPT_BKG_CUST_CON,198,COE Cust Con,LOAD_KEYED,JOB_STANDARD,DATA,N
WEB_COMP_TCV_ACV_S1_V,WEB_COMP_TCV_ACV_S1,199,COE Cust Con,LOAD_REPLACE,JOB_STANDARD,DATA,N
RPT_BKG_CUST_CON_S1_V,RPT_BKG_CUST_CON_S1,200,COE Cust Con,LOAD_KEYED,JOB_STANDARD,DATA,N
RPT_BKG_CUST_CON_S2_V,RPT_BKG_CUST_CON_S2,201,COE Cust Con,LOAD_KEYED,JOB_STANDARD,DATA,N
STG_DL_PRICING_S1_V,STG_DL_PRICING_S1,202,ALL|Con Deep Learn|Daily Load,LOAD_REPLACE,JOB_STANDARD,DATA,N
STG_DL_PRICING_S2_V,STG_DL_PRICING_S2,203,ALL|Con Deep Learn|Daily Load,LOAD_REPLACE,JOB_STANDARD,DATA,N
STG_DL_PRICING_S3_V,STG_DL_PRICING_S3,204,ALL|Con Deep Learn|Daily Load,LOAD_REPLACE,JOB_STANDARD,DATA,N
STG_DL_PRICING_S4_V,STG_DL_PRICING_S4,205,ALL|Con Deep Learn|Daily Load,LOAD_REPLACE,JOB_STANDARD,DATA,N
STG_DL_REG_CURR_MISMATCH_S1_V,STG_DL_REG_CURR_MISMATCH_S1,206,ALL|Con Deep Learn|Daily Load,LOAD_REPLACE,JOB_STANDARD,DATA,N
STG_DL_REG_CURR_MISMATCH_S2_V,STG_DL_REG_CURR_MISMATCH_S2,207,ALL|Con Deep Learn|Daily Load,LOAD_REPLACE,JOB_STANDARD,DATA,N
STG_DL_REG_CURR_MISMATCH_S3_V,STG_DL_REG_CURR_MISMATCH_S3,208,ALL|Con Deep Learn|Daily Load,LOAD_REPLACE,JOB_STANDARD,DATA,N
STG_DL_REG_CURR_MISMATCH_S4_V,STG_DL_REG_CURR_MISMATCH_S4,209,ALL|Con Deep Learn|Daily Load,LOAD_REPLACE,JOB_STANDARD,DATA,N
APP_DL_REG_CURR_MISMATCH_HST_V,STG_DL_REG_CURR_MISMATCH_HST,210,ALL|Con Deep Learn|Daily Load,LOAD_APPEND,JOB_STANDARD,DATA,N
STG_DL_DUP_CON_S1_V,STG_DL_DUP_CON_S1,211,ALL|Con Deep Learn|Daily Load,LOAD_REPLACE,JOB_STANDARD,DATA,N
STG_DL_DUP_CON_S2_V,STG_DL_DUP_CON_S2,212,ALL|Con Deep Learn|Daily Load,LOAD_REPLACE,JOB_STANDARD,DATA,N
STG_DL_DUP_DBLCNT_S1_V,STG_DL_DUP_DBLCNT_S1,213,ALL|Con Deep Learn|Daily Load,LOAD_REPLACE,JOB_STANDARD,DATA,N
STG_DL_DUP_DBLCNT_S2_V,STG_DL_DUP_DBLCNT_S2,214,ALL|Con Deep Learn|Daily Load,LOAD_REPLACE,JOB_STANDARD,DATA,N
STG_DL_MISC_DTL_S1_V,STG_DL_MISC_DTL_S1,215,ALL|Con Deep Learn|Daily Load,LOAD_REPLACE,JOB_STANDARD,DATA,N
STG_DL_MISC_DTL_S2_V,STG_DL_MISC_DTL_S2,216,ALL|Con Deep Learn|Daily Load,LOAD_REPLACE,JOB_STANDARD,DATA,N
STG_DL_MISC_HDR_S1_V,STG_DL_MISC_HDR_S1,217,ALL|Con Deep Learn|Daily Load,LOAD_REPLACE,JOB_STANDARD,DATA,N
STG_DL_MISC_HDR_S2_V,STG_DL_MISC_HDR_S2,218,ALL|Con Deep Learn|Daily Load,LOAD_REPLACE,JOB_STANDARD,DATA,N
STG_DL_CON_NONCOTERM_S1_V,STG_DL_CON_NONCOTERM_S1,219,ALL|Con Deep Learn|Daily Load,LOAD_REPLACE,JOB_STANDARD,DATA,N
STG_DL_CON_NONCOTERM_S2_V,STG_DL_CON_NONCOTERM_S2,220,ALL|Con Deep Learn|Daily Load,LOAD_REPLACE,JOB_STANDARD,DATA,N
STG_DL_ALIGN_S1_V,STG_DL_ALIGN_S1,221,ALL|Con Deep Learn|Daily Load,LOAD_REPLACE,JOB_STANDARD,DATA,N
STG_DL_ALIGN_S2_V,STG_DL_ALIGN_S2,222,ALL|Con Deep Learn|Daily Load,LOAD_REPLACE,JOB_STANDARD,DATA,N
STG_DL_WHOLESALE_REGS_S1_V,STG_DL_WHOLESALE_REGS_S1,223,ALL|Con Deep Learn|Daily Load,LOAD_REPLACE,JOB_STANDARD,DATA,N
STG_DL_WHOLESALE_REGS_S2_V,STG_DL_WHOLESALE_REGS_S2,224,ALL|Con Deep Learn|Daily Load,LOAD_REPLACE,JOB_STANDARD,DATA,N
STG_DL_INV_CHILD_CONS_S1_V,STG_DL_INV_CHILD_CONS_S1,225,ALL|Con Deep Learn|Daily Load,LOAD_REPLACE,JOB_STANDARD,DATA,N
STG_DL_INV_CHILD_CONS_S2_V,STG_DL_INV_CHILD_CONS_S2,226,ALL|Con Deep Learn|Daily Load,LOAD_REPLACE,JOB_STANDARD,DATA,N
STG_DL_INTERNAL_INV_S1_V,STG_DL_INTERNAL_INV_S1,227,ALL|Con Deep Learn|Daily Load,LOAD_REPLACE,JOB_STANDARD,DATA,N
STG_DL_INTERNAL_INV_S2_V,STG_DL_INTERNAL_INV_S2,228,ALL|Con Deep Learn|Daily Load,LOAD_REPLACE,JOB_STANDARD,DATA,N
STG_EMAIL_DL_S1_V,STG_EMAIL_DL_S1,229,ALL|Con Deep Learn|Daily Load,LOAD_REPLACE,JOB_STANDARD,DATA,N
CON_DL.SEND_CON_UPDATES,EMAILS,230,ALL|Con Deep Learn|Daily Load,PLSQL_CALL,JOB_PLSQL,DATA,N
STG_EMAIL_DL_S1_V,EMAILS,230,ALL|Con Deep Learn|Daily Load,PLSQL_CALL,JOB_PLSQL,DATA,N
APP_SNAP_DL_ALERTS_V,SNAP_DL_ALERTS,231,ALL|Con Deep Learn|Daily Load,LOAD_KEYED,JOB_STANDARD,DATA,N
APP_BKG_COMP_EMP_UPLOAD_V,SNAP_BKG_COMP_EMP_UPLOAD,232,ALL|EOM Compare|Swift Rep Gen,LOAD_KEYED,JOB_STANDARD,DATA,N
ACCOUNT_SOFT_S0_V,ACCOUNT_SOFT_S0,233,ALL|EOM Compare,LOAD_REPLACE,JOB_STANDARD,DATA,N
ACCOUNT_SOFT_S1_V,ACCOUNT_SOFT_S1,234,ALL|EOM Compare,LOAD_REPLACE,JOB_STANDARD,DATA,N
ACCOUNT_SOFT_S2_V,SNAP_BKG_YTD_SOFT_S1,235,ALL|EOM Compare,LOAD_KEYED,JOB_STANDARD,DATA,N
ACCOUNT_SOFT_S3_V,ACCOUNT_SOFT_S3,236,ALL|EOM Compare,LOAD_KEYED,JOB_STANDARD,DATA,N
RPT_ACCOUNT_SOFT_V,RPT_ACCOUNT_SOFT,237,ALL|EOM Compare,LOAD_KEYED,JOB_STANDARD,DATA,N
RPT_VARIANCE_S1_V,RPT_VARIANCE_S1,238,ALL|EOM Compare|Excel Pull,LOAD_REPLACE,JOB_STANDARD,DATA,N
RPT_VARIANCE_S2_V,RPT_VARIANCE_S2,239,ALL|EOM Compare|Excel Pull,LOAD_REPLACE,JOB_STANDARD,DATA,N
RPT_VARIANCE_S3_V,RPT_VARIANCE_S3,240,ALL|EOM Compare|Excel Pull,LOAD_REPLACE,JOB_STANDARD,DATA,N
RPT_VARIANCE_S4_V,RPT_VARIANCE_S4,241,ALL|EOM Compare|Excel Pull,LOAD_REPLACE,JOB_STANDARD,DATA,N
RPT_VARIANCE_S5_V,RPT_VARIANCE_S5,243,ALL|EOM Compare|Excel Pull,LOAD_REPLACE,JOB_STANDARD,DATA,N
APP_SNAP_VARIANCE_V,SNAP_VARIANCE,244,ALL|EOM Compare|Excel Pull,LOAD_KEYED,JOB_STANDARD,DATA,N
SNAP_BASELINE_COMPARE_V,SNAP_BASELINE_COMPARE,245,EOM Compare,LOAD_KEYED,JOB_STANDARD,DATA,N
PEER_RV_ACV_MSTR_V,PEER_RV_ACV_MSTR,248,EOM Compare,LOAD_KEYED,JOB_STANDARD,DATA,N
PEER_RV_MRR_MSTR_V,PEER_RV_MRR_MSTR,249,EOM Compare,LOAD_KEYED,JOB_STANDARD,DATA,N
LKP_A_PULL_VAR_V,LKP_A_PULL_VAR,250,Edge Report,LOAD_REPLACE,JOB_STANDARD,DATA,N
STG_EDGE_S1_V,STG_EDGE_S1,251,Edge Report,LOAD_REPLACE,JOB_STANDARD,DATA,N
STG_EDGE_S2_V,STG_EDGE_S2,252,Edge Report,LOAD_REPLACE,JOB_STANDARD,DATA,N
STG_EDGE_S3_V,STG_EDGE_S3,253,Edge Report,LOAD_REPLACE,JOB_STANDARD,DATA,N
STG_EDGE_S4_V,STG_EDGE_S4,254,Edge Report,LOAD_REPLACE,JOB_STANDARD,DATA,N
STG_EDGE_S5_V,STG_EDGE_S5,255,Edge Report,LOAD_REPLACE,JOB_STANDARD,DATA,N
STG_EDGE_S6_V,STG_EDGE_S6,256,Edge Report,LOAD_REPLACE,JOB_STANDARD,DATA,N
STG_EDGE_S7_V,STG_EDGE_S7,257,Edge Report,LOAD_REPLACE,JOB_STANDARD,DATA,N
STG_EDGE_S8_V,STG_EDGE_S8,258,Edge Report,LOAD_KEYED,JOB_STANDARD,DATA,N
APP_LKP_M_MON_VAR_OVR_V,LKP_M_MON_VAR,259,New Month,LOAD_APPEND,JOB_STANDARD,DATA,N
APP_LKP_M_MON_OPP_VAR_OVR_V,LKP_M_MON_OPP_VAR,260,New Month,LOAD_APPEND,JOB_STANDARD,DATA,N
APP_LKP_M_MON_DTC_VAR_OVR_V,LKP_M_MON_DTC_VAR,261,New Month,LOAD_APPEND,JOB_STANDARD,DATA,N
LKP_M_CONTRACT_TYPE,LKP_M_CONTRACT_TYPE,262,New Month,DELETE,JOB_SQL,FILTER,Y
LKP_M_CONTRACT_TYPE,LKP_M_CONTRACT_TYPE,263,New Month,INSERT_SELECT,JOB_SQL,DATA,Y
LKP_M_CONTRACT_TYPE,LKP_M_CONTRACT_TYPE,263,New Month,INSERT_SELECT,JOB_SQL,FILTER,Y
XCP_RG_ACCT_CAN_C1_V,XCP_RG_ACCT_CAN_C1,264,Refresh Alerts,LOAD_REPLACE,JOB_STANDARD,DATA,N
XCP_RG_CUSTOM_LINE_C1_V,XCP_RG_CUSTOM_LINE_C1,265,Refresh Alerts,LOAD_REPLACE,JOB_STANDARD,DATA,N
XCP_RG_CUSTOM_LINE_C2_V,XCP_RG_CUSTOM_LINE_C2,266,Refresh Alerts,LOAD_REPLACE,JOB_STANDARD,DATA,N
XCP_RG_OPP_C1_V,XCP_RG_OPP_C1,267,Refresh Alerts,LOAD_REPLACE,JOB_STANDARD,DATA,N
XCP_CUSTOM_ALLOC_V,XCP_CUSTOM_ALLOC,268,Refresh Alerts,LOAD_REPLACE,JOB_STANDARD,DATA,N
XCP_ACCT_MULTIPLE_USERS_V,XCP_ACCT_MULTIPLE_USERS,269,Refresh Alerts,LOAD_REPLACE,JOB_STANDARD,DATA,N
XCP_ACCT_OPPTY_MISMATCH_V,XCP_ACCT_OPPTY_MISMATCH,270,Refresh Alerts,LOAD_REPLACE,JOB_STANDARD,DATA,N
XCP_ACCT_BKGGRP_AMT_CHK_V,XCP_ACCT_BKGGRP_AMT_CHK,271,Refresh Alerts,LOAD_REPLACE,JOB_STANDARD,DATA,N
XCP_INCORRECT_ACCT_ASSIGNMT_V,XCP_INCORRECT_ACCT_ASSIGNMT,272,Refresh Alerts,LOAD_REPLACE,JOB_STANDARD,DATA,N
XCP_OPPTY_MUTLIPLE_ACCTS_V,XCP_OPPTY_MUTLIPLE_ACCTS,273,Refresh Alerts,LOAD_REPLACE,JOB_STANDARD,DATA,N
XCP_OPPTY_MULTIPLE_OWNERS_V,XCP_OPPTY_MULTIPLE_OWNERS,274,Refresh Alerts,LOAD_REPLACE,JOB_STANDARD,DATA,N
XCP_OPPTY_MULTIPLE_GRAZT_V,XCP_OPPTY_MULTIPLE_GRAZT,275,Refresh Alerts,LOAD_REPLACE,JOB_STANDARD,DATA,N
XCP_OPPTY_PROD_UPLOAD_V,XCP_OPPTY_PROD_UPLOAD,276,Refresh Alerts,LOAD_REPLACE,JOB_STANDARD,DATA,N
XCP_MISSING_CUSTOMERS_COE_V,XCP_MISSING_CUSTOMERS_COE,277,Refresh Alerts,LOAD_REPLACE,JOB_STANDARD,DATA,N
RPT_BKG_RECON_S0_V,RPT_BKG_RECON_S0,278,ALL|EOM Compare,LOAD_REPLACE,JOB_STANDARD,DATA,N
RPT_BKG_RECON_S1_V,RPT_BKG_RECON_S1,279,ALL|EOM Compare,LOAD_REPLACE,JOB_STANDARD,DATA,N
RPT_BKG_RECON_S2_V,RPT_BKG_RECON_S2,280,ALL|EOM Compare,LOAD_REPLACE,JOB_STANDARD,DATA,N
RPT_BKG_RECON_S3_V,RPT_BKG_RECON_S3,281,ALL|EOM Compare,LOAD_REPLACE,JOB_STANDARD,DATA,N
RPT_BKG_RECONS_V,RPT_BKG_RECON,282,ALL|EOM Compare,LOAD_KEYED,JOB_STANDARD,DATA,N
NC_AUDIT_PARENT_V,NC_AUDIT_PARENT,283,ALL|EOM Compare,LOAD_KEYED,JOB_STANDARD,DATA,N
APP_LKP_M_RPT_MON_VAR_OVR_V,LKP_M_RPT_MON_VAR,284,New Month,LOAD_APPEND,JOB_STANDARD,DATA,N
LINODE_NC_S1_V,LINODE_NC_S1,285,Linode Rev Cust,LOAD_KEYED,JOB_STANDARD,DATA,N
LINODE_NC_S2_V,LINODE_NC_S2,286,Linode Rev Cust,LOAD_KEYED,JOB_STANDARD,DATA,N
LINODE_NC_S3_V,LINODE_NC_S3,287,Linode Rev Cust,LOAD_KEYED,JOB_STANDARD,DATA,N
LINODE_NC_S4_V,LINODE_NC_S4,288,Linode Rev Cust,LOAD_REPLACE,JOB_STANDARD,DATA,N
LINODE_NC_S5_V,LINODE_NC_S5,289,Linode Rev Cust,LOAD_KEYED,JOB_STANDARD,DATA,N
LINODE_NC_S6_V,LINODE_NC_S6,290,Linode Rev Cust,LOAD_KEYED,JOB_STANDARD,DATA,N
LINODE_NC_S7_V,LINODE_NC_S7,291,Linode Rev Cust,LOAD_KEYED,JOB_STANDARD,DATA,N
CHURN_RPT_S1_V,CHURN_RPT_S1,296,Churn Review,LOAD_REPLACE,JOB_STANDARD,DATA,N
CHURN_RPT_S2_V,CHURN_RPT_S2,297,Churn Review,LOAD_REPLACE,JOB_STANDARD,DATA,N
CHURN_RPT_S3_V,CHURN_RPT_S3,298,Churn Review,LOAD_REPLACE,JOB_STANDARD,DATA,N
CHURN_RPT_S4_V,CHURN_RPT_S4,299,Churn Review,LOAD_REPLACE,JOB_STANDARD,DATA,N
CHURN_RPT_S5_V,CHURN_RPT_S5,300,Churn Review,LOAD_REPLACE,JOB_STANDARD,DATA,N
CHURN_RPT_S6_V,CHURN_RPT_S6,301,Churn Review,LOAD_REPLACE,JOB_STANDARD,DATA,N
CHURN_RPT_S7_V,CHURN_RPT_S7,302,Churn Review,LOAD_REPLACE,JOB_STANDARD,DATA,N
CHURN_RPT_S8_V,CHURN_RPT_S8,303,Churn Review,LOAD_REPLACE,JOB_STANDARD,DATA,N
CHURN_RPT_S9_V,CHURN_RPT_S9,304,Churn Review,LOAD_REPLACE,JOB_STANDARD,DATA,N
CHURN_RPT_S10_V,CHURN_RPT_S10,305,Churn Review,LOAD_REPLACE,JOB_STANDARD,DATA,N
CHURN_RPT_S11_V,CHURN_RPT_S11,306,Churn Review,LOAD_KEYED,JOB_STANDARD,DATA,N
RPT_OPPTY_PROG_STAT_V,RPT_OPPTY_PROG_STAT,308,ALL|Daily Load|Act Tracker,LOAD_APPEND,JOB_STANDARD,DATA,N
LKP_M_ON_PREM_PROD,LKP_M_ON_PREM_PROD,309,New Month,DELETE,JOB_SQL,FILTER,Y
LKP_M_ON_PREM_PROD,LKP_M_ON_PREM_PROD,310,New Month,INSERT_SELECT,JOB_SQL,DATA,Y
LKP_M_ON_PREM_PROD,LKP_M_ON_PREM_PROD,310,New Month,INSERT_SELECT,JOB_SQL,FILTER,Y
RPT_CC_FX_COMBO_V,RPT_CC_FX_COMBO,312,ALL|New Year,LOAD_KEYED,JOB_STANDARD,DATA,N
BOP_COMP_MSTR_V,BOP_COMP_MSTR,313,EOM Compare,LOAD_KEYED,JOB_STANDARD,DATA,N
DAILY_RPT_PROD_UPLOAD_S00A_V,DAILY_RPT_PROD_UPLOAD_S00A,315,WD Snap,INSERT_SELECT,JOB_SQL,DATA,N
DAILY_RPT_PROD_UPLOAD_S00B_V,DAILY_RPT_PROD_UPLOAD_S00B,317,WD Snap,INSERT_SELECT,JOB_SQL,DATA,N
DAILY_RPT_PROD_UPLOAD_S0_V,DAILY_RPT_PROD_UPLOAD_S0,319,WD Snap,INSERT_SELECT,JOB_SQL,DATA,N
DAILY_RPT_PROD_UPLOAD_S01_V,DAILY_RPT_PROD_UPLOAD_S01,321,WD Snap,INSERT_SELECT,JOB_SQL,DATA,N
DAILY_RPT_PROD_UPLOAD_S02_V,DAILY_RPT_PROD_UPLOAD_S02,323,WD Snap,INSERT_SELECT,JOB_SQL,DATA,N
DAILY_RPT_PROD_UPLOAD_S03_V,DAILY_RPT_PROD_UPLOAD_S03,325,WD Snap,INSERT_SELECT,JOB_SQL,DATA,N
DAILY_RPT_PROD_UPLOAD_S04_V,DAILY_RPT_PROD_UPLOAD_S04,327,WD Snap,INSERT_SELECT,JOB_SQL,DATA,N
DAILY_RPT_PROD_UPLOAD_S05_V,DAILY_RPT_PROD_UPLOAD_S05,329,WD Snap,INSERT_SELECT,JOB_SQL,DATA,N
DAILY_RPT_PROD_UPLOAD_S06_V,DAILY_RPT_PROD_UPLOAD_S06,331,WD Snap,INSERT_SELECT,JOB_SQL,DATA,N
DAILY_RPT_PROD_UPLOAD_S07_V,DAILY_RPT_PROD_UPLOAD_S07,333,WD Snap,INSERT_SELECT,JOB_SQL,DATA,N
DAILY_RPT_PROD_UPLOAD_S08_V,DAILY_RPT_PROD_UPLOAD_S08,335,WD Snap,INSERT_SELECT,JOB_SQL,DATA,N
DAILY_RPT_PROD_UPLOAD_S09_V,DAILY_RPT_PROD_UPLOAD_S09,337,WD Snap,INSERT_SELECT,JOB_SQL,DATA,N
DAILY_RPT_PROD_UPLOAD_S10_V,DAILY_RPT_PROD_UPLOAD_S10,339,WD Snap,INSERT_SELECT,JOB_SQL,DATA,N
DAILY_RPT_PROD_UPLOAD_S11_V,DAILY_RPT_PROD_UPLOAD_S11,341,WD Snap,INSERT_SELECT,JOB_SQL,DATA,N
DAILY_RPT_PROD_UPLOAD_S12_V,DAILY_RPT_PROD_UPLOAD_S12,343,WD Snap,INSERT_SELECT,JOB_SQL,DATA,N
DAILY_RPT_PROD_UPLOAD_S13_V,DAILY_RPT_PROD_UPLOAD_S13,345,WD Snap,INSERT_SELECT,JOB_SQL,DATA,N
DAILY_RPT_PROD_UPLOAD_S14_V,DAILY_RPT_PROD_UPLOAD_S14,347,WD Snap,INSERT_SELECT,JOB_SQL,DATA,N
DAILY_RPT_PROD_UPLOAD_S15_V,DAILY_RPT_PROD_UPLOAD_S15,349,WD Snap,INSERT_SELECT,JOB_SQL,DATA,N
DAILY_RPT_PROD_UPLOAD_S16_V,DAILY_RPT_PROD_UPLOAD_S16,351,WD Snap,INSERT_SELECT,JOB_SQL,DATA,N
DAILY_RPT_PROD_UPLOAD_S17_V,DAILY_RPT_PROD_UPLOAD_S17,353,WD Snap,INSERT_SELECT,JOB_SQL,DATA,N
DAILY_RPT_PROD_UPLOAD_S18_V,DAILY_RPT_PROD_UPLOAD_S18,355,WD Snap,INSERT_SELECT,JOB_SQL,DATA,N
DAILY_RPT_PROD_UPLOAD_S19_V,DAILY_RPT_PROD_UPLOAD_S19,357,WD Snap,INSERT_SELECT,JOB_SQL,DATA,N
DAILY_RPT_PROD_UPLOAD_S20_V,DAILY_RPT_PROD_UPLOAD_S20,359,WD Snap,INSERT_SELECT,JOB_SQL,DATA,N
DAILY_RPT_PROD_UPLOAD_S21_V,DAILY_RPT_PROD_UPLOAD_S21,361,WD Snap,INSERT_SELECT,JOB_SQL,DATA,N
DAILY_RPT_PROD_NETTCV_S1_CONLENGTH_V,DAILY_RPT_PROD_NETTCV_S1_CONLENGTH,363,WD Snap,INSERT_SELECT,JOB_SQL,DATA,N
DAILY_RPT_PROD_NETTCV_S2_MOST_RECENT_CON_EXT_V,DAILY_RPT_PROD_NETTCV_S2_MOST_RECENT_CON_EXT,365,WD Snap,INSERT_SELECT,JOB_SQL,DATA,N
DAILY_RPT_PROD_NETTCV_S3_MOST_RECENT_OTHER_V,DAILY_RPT_PROD_NETTCV_S3_MOST_RECENT_OTHER,367,WD Snap,INSERT_SELECT,JOB_SQL,DATA,N
DAILY_RPT_PROD_NETTCV_S4_BKG_W_REN_V,DAILY_RPT_PROD_NETTCV_S4_BKG_W_REN,369,WD Snap,INSERT_SELECT,JOB_SQL,DATA,N
DAILY_RPT_PROD_NETTCV_S5_BKG_MOD_V,DAILY_RPT_PROD_NETTCV_S5_BKG_MOD,371,WD Snap,INSERT_SELECT,JOB_SQL,DATA,N
DAILY_RPT_PROD_NETTCV_S6_DOM_BKG_V,DAILY_RPT_PROD_NETTCV_S6_DOM_BKG,373,WD Snap,INSERT_SELECT,JOB_SQL,DATA,N
DAILY_RPT_PROD_UPLOAD_S21A_V,DAILY_RPT_PROD_UPLOAD_S21A,375,WD Snap,INSERT_SELECT,JOB_SQL,DATA,N
DAILY_RPT_PROD_UPLOAD_S22_V,DAILY_RPT_PROD_UPLOAD_S22,377,WD Snap,INSERT_SELECT,JOB_SQL,DATA,N
SNAP_EXPIRED_CONTRACTS_V,SNAP_EXPIRED_CONTRACTS,378,Expired Contracts,LOAD_KEYED,JOB_STANDARD,DATA,N
LKP_M_CAN_REASON,LKP_M_CAN_REASON,379,New Month,DELETE,JOB_SQL,FILTER,Y
LKP_M_CAN_REASON,LKP_M_CAN_REASON,380,New Month,INSERT_SELECT,JOB_SQL,DATA,Y
LKP_M_CAN_REASON,LKP_M_CAN_REASON,380,New Month,INSERT_SELECT,JOB_SQL,FILTER,Y
LKP_M_PROD_TPP,LKP_M_PROD_TPP,381,New Month,DELETE,JOB_SQL,FILTER,Y
LKP_M_PROD_TPP,LKP_M_PROD_TPP,382,New Month,INSERT_SELECT,JOB_SQL,DATA,Y
LKP_M_PROD_TPP,LKP_M_PROD_TPP,382,New Month,INSERT_SELECT,JOB_SQL,FILTER,Y
RPT_PROD_UPLOAD_SUMMARY_V,RPT_PROD_UPLOAD_SUMMARY,383,ALL|EOM Compare|Swift Rep Gen,LOAD_KEYED,JOB_STANDARD,DATA,N
SNAP_EXPIRED_PRODUCTS_V,SNAP_EXPIRED_PRODUCTS,384,Expired Products,LOAD_KEYED,JOB_STANDARD,DATA,N
PKG_ACCT_EMAIL.SEND_ACCT_EMAIL,SEND EMAIL,385,ALL|EOM Compare,PLSQL_CALL,JOB_PLSQL,DATA,N
BOOKINGS TRANSACTION STATUS,SEND EMAIL,385,ALL|EOM Compare,PLSQL_CALL,JOB_PLSQL,DATA,N
TAXIS_STEP1_MON_BU_FC_V,TAXIS_STEP1_MON_BU_FC,1001,Taxis,LOAD_REPLACE,JOB_STANDARD,DATA,N
TAXIS_STEP1_MON_CORP_FC_V,TAXIS_STEP1_MON_CORP_FC,1002,Taxis,LOAD_REPLACE,JOB_STANDARD,DATA,N
TAXIS_STEP1_MON_FANDG_FC_V,TAXIS_STEP1_MON_FANDG_FC,1003,Taxis,LOAD_REPLACE,JOB_STANDARD,DATA,N
TAXIS_STEP2_BU_FANDG_DIFF_V,TAXIS_STEP2_BU_FANDG_DIFF,1004,Taxis,LOAD_REPLACE,JOB_STANDARD,DATA,N
TAXIS_STEP3_5MON_AVG_REV_V,TAXIS_STEP3_5MON_AVG_REV,1005,Taxis,LOAD_REPLACE,JOB_STANDARD,DATA,N
TAXIS_STEP4_FX_BOOST_V,TAXIS_STEP4_FX_BOOST,1006,Taxis,LOAD_REPLACE,JOB_STANDARD,DATA,N
TAXIS_STEP5_5MON_BOOST_REV_V,TAXIS_STEP5_5MON_BOOST_REV,1007,Taxis,LOAD_REPLACE,JOB_STANDARD,DATA,N
HYP_REV_PLAN_S1_V,HYP_REV_PLAN_S1,1008,HYP REV PLN,LOAD_REPLACE,JOB_STANDARD,DATA,N
HYP_REV_PLAN_S2_V,HYP_REV_PLAN_S2,1009,HYP REV PLN,LOAD_REPLACE,JOB_STANDARD,DATA,N
HYP_REV_PLAN_S3_V,HYP_REV_PLAN_S3,1010,HYP REV PLN,LOAD_REPLACE,JOB_STANDARD,DATA,N
HYP_REV_PLAN_S4_V,HYP_REV_PLAN_S4,1011,HYP REV PLN,LOAD_REPLACE,JOB_STANDARD,DATA,N
HYP_REV_PLAN_S5_V,HYP_REV_PLAN_S5,1012,HYP REV PLN,LOAD_REPLACE,JOB_STANDARD,DATA,N
HYP_REV_PLAN_S6_V,SNAP_HYP_REV_PLAN,1013,HYP REV PLN,LOAD_KEYED,JOB_STANDARD,DATA,N
RPT_DAILY_LOAD_STATUS_V,RPT_DAILY_LOAD_STATUS,10001,Daily Load,LOAD_REPLACE,JOB_STANDARD,DATA,N
BOOKINGS.SEND_DAILY_LOAD_STATUS_EMAIL,STATUS EMAIL,10002,Daily Load,PLSQL_CALL,JOB_PLSQL,DATA,N
RPT_DAILY_LOAD_STATUS,STATUS EMAIL,10002,Daily Load,PLSQL_CALL,JOB_PLSQL,DATA,N
RPT_REP_GEN_STATUS_V,RPT_REP_GEN_STATUS,10003,EOM Compare,LOAD_REPLACE,JOB_STANDARD,DATA,N
BOOKINGS.SEND_EOM_COMPARE_STATUS_EMAIL,STATUS EMAIL,10004,EOM Compare,PLSQL_CALL,JOB_PLSQL,DATA,N
RPT_REP_GEN_STATUS,STATUS EMAIL,10004,EOM Compare,PLSQL_CALL,JOB_PLSQL,DATA,N
RPT_XL_PULL_STATUS_V,RPT_XL_PULL_STATUS,10005,Excel Pull,LOAD_REPLACE,JOB_STANDARD,DATA,N
BOOKINGS.SEND_XL_PULL_STATUS_EMAIL,STATUS EMAIL,10006,Excel Pull,PLSQL_CALL,JOB_PLSQL,DATA,N
RPT_XL_PULL_STATUS,STATUS EMAIL,10006,Excel Pull,PLSQL_CALL,JOB_PLSQL,DATA,N
RPT_COECUSTCON_STATUS_V,RPT_COECUSTCON_STATUS,10007,COE Cust Con,LOAD_REPLACE,JOB_STANDARD,DATA,N
BOOKINGS.SEND_COECUSTCON_STATUS_EMAIL,STATUS EMAIL,10008,COE Cust Con,PLSQL_CALL,JOB_PLSQL,DATA,N
RPT_COECUSTCON_STATUS,STATUS EMAIL,10008,COE Cust Con,PLSQL_CALL,JOB_PLSQL,DATA,N
