JOB_NUM,OBJECT_NAME,OBJECT_ROLE,REF_CONTEXT,DERIVED_FROM
1,LKP_M_MON_VAR,TARGET,DATA,METADATA
1,APP_LKP_M_MON_VAR_V,SOURCE,DATA,METADATA
2,LKP_M_MON_VAR,TARGET,DATA,SQL_PARSE
3,LKP_M_MON_VAR_OVR,TARGET,DATA,SQL_PARSE
4,LKP_M_MON_OPP_VAR,TARGET,DATA,METADATA
4,APP_LKP_M_MON_OPP_VAR_V,SOURCE,DATA,METADATA
5,LKP_M_MON_OPP_VAR,TARGET,DATA,SQL_PARSE
6,LKP_A_PULL_VAR,TARGET,DATA,METADATA
6,LKP_A_PULL_VAR_V,SOURCE,DATA,METADATA
7,LKP_A_PULL_OPP_VAR,TARGET,DATA,METADATA
7,LKP_A_PULL_OPP_VAR_V,SOURCE,DATA,METADATA
8,LKP_M_MON_DTC_VAR,TARGET,DATA,METADATA
8,APP_LKP_M_MON_DTC_VAR_V,SOURCE,DATA,METADATA
9,LKP_M_MON_DTC_VAR,TARGET,DATA,SQL_PARSE
10,LKP_A_PULL_DTC_VAR,TARGET,DATA,METADATA
10,LKP_A_PULL_DTC_VAR_V,SOURCE,DATA,METADATA
11,LKP_A_LTST_PROD,TARGET,DATA,METADATA
11,LKP_A_LTST_PROD_V,SOURCE,DATA,METADATA
12,LKP_A_LTST_ACCT,TARGET,DATA,METADATA
12,LKP_A_LTST_ACCT_V,SOURCE,DATA,METADATA
13,SCD_CON_DTL_MANUAL,TARGET,DATA,METADATA
13,SCD_CON_DTL_MANUAL_TMP_V,SOURCE,DATA,METADATA
14,SCD_CON_DTL_MANUAL_TMP,TARGET,DATA,SQL_PARSE
15,LKP_M_BKG_USR,TARGET,DATA,METADATA
15,APP_LKP_M_BKG_USR_V,SOURCE,DATA,METADATA
16,LKP_M_BKG_USR,TARGET,DATA,METADATA
16,LKP_M_BKG_USR_INTERNAL_V,SOURCE,DATA,METADATA
22,LKP_A_OPPTY_CON_LINK,TARGET,DATA,METADATA
22,LKP_A_OPPTY_CON_LINK_V,SOURCE,DATA,METADATA
23,MRG_HDR_DTL,TARGET,DATA,METADATA
23,MRG_HDR_DTL_V,SOURCE,DATA,METADATA
24,SNAP_MRG_HDR_DTL,TARGET,DATA,METADATA
24,APP_SNAP_MRG_HDR_DTL_V,SOURCE,DATA,METADATA
25,LKP_M_ERM_EMP_CURRENT,TARGET,DATA,METADATA
25,APP_SNAP_EMP_CURR_V,SOURCE,DATA,METADATA
26,STG_SCD_CON_S0A,TARGET,DATA,METADATA
26,STG_SCD_CON_S0A_V,SOURCE,DATA,METADATA
27,STG_SCD_CON_S0B,TARGET,DATA,METADATA
27,STG_SCD_CON_S0B_V,SOURCE,DATA,METADATA
28,STG_SCD_CON_S1,TARGET,DATA,METADATA
28,STG_SCD_CON_S1_V,SOURCE,DATA,METADATA
29,STG_SCD_CON_S2,TARGET,DATA,METADATA
29,STG_SCD_CON_S2_V,SOURCE,DATA,METADATA
30,STG_SCD_CON_S3,TARGET,DATA,METADATA
30,STG_SCD_CON_S3_V,SOURCE,DATA,METADATA
31,STG_SCD_CON_S3_LKP1,TARGET,DATA,METADATA
31,STG_SCD_CON_S3_LKP1_V,SOURCE,DATA,METADATA
32,STG_SCD_CON_S3_LKP2,TARGET,DATA,METADATA
32,STG_SCD_CON_S3_LKP2_V,SOURCE,DATA,METADATA
33,STG_SCD_CON_S3_LKP3,TARGET,DATA,METADATA
33,STG_SCD_CON_S3_LKP3_V,SOURCE,DATA,METADATA
34,STG_SCD_CON_S4,TARGET,DATA,METADATA
34,STG_SCD_CON_S4_V,SOURCE,DATA,METADATA
35,STG_SCD_CON_S5,TARGET,DATA,METADATA
35,STG_SCD_CON_S5_V,SOURCE,DATA,METADATA
36,STG_SCD_CON_S6,TARGET,DATA,METADATA
36,STG_SCD_CON_S6_V,SOURCE,DATA,METADATA
37,STG_SCD_CON_S7,TARGET,DATA,METADATA
37,STG_SCD_CON_S7_V,SOURCE,DATA,METADATA
38,STG_SCD_CON_S8,TARGET,DATA,METADATA
38,STG_SCD_CON_S8_V,SOURCE,DATA,METADATA
39,SCD_CON_DTL,TARGET,DATA,SQL_PARSE
39,STG_SCD_CON_S5,SOURCE,DATA,SQL_PARSE
39,STG_SCD_CON_S5,SOURCE,FILTER,SQL_PARSE
41,SCD_CON_DTL,TARGET,DATA,METADATA
41,APP_SCD_CON_DTL_V,SOURCE,DATA,METADATA
42,SCD_CON_HDR,TARGET,DATA,SQL_PARSE
42,STG_SCD_CON_S6,SOURCE,DATA,SQL_PARSE
42,STG_SCD_CON_S6,SOURCE,FILTER,SQL_PARSE
44,SCD_CON_HDR,TARGET,DATA,METADATA
44,APP_SCD_CON_HDR_V,SOURCE,DATA,METADATA
45,SCD_CON_DTL_X,TARGET,DATA,SQL_PARSE
45,STG_SCD_CON_S7,SOURCE,DATA,SQL_PARSE
45,STG_SCD_CON_S7,SOURCE,FILTER,SQL_PARSE
47,SCD_CON_DTL_X,TARGET,DATA,METADATA
47,APP_SCD_CON_DTL_X_V,SOURCE,DATA,METADATA
48,SCD_CON_HDR_X,TARGET,DATA,SQL_PARSE
48,STG_SCD_CON_S8,SOURCE,DATA,SQL_PARSE
48,STG_SCD_CON_S8,SOURCE,FILTER,SQL_PARSE
50,SCD_CON_HDR_X,TARGET,DATA,METADATA
50,APP_SCD_CON_HDR_X_V,SOURCE,DATA,METADATA
51,STG_SCD_CON_DTL_SPLIT_S1,TARGET,DATA,METADATA
51,STG_SCD_CON_DTL_SPLIT_S1_V,SOURCE,DATA,METADATA
52,STG_SCD_CON_DTL_SPLIT_S2,TARGET,DATA,METADATA
52,STG_SCD_CON_DTL_SPLIT_S2_V,SOURCE,DATA,METADATA
53,SCD_CON_DTL,TARGET,DATA,METADATA
53,APP_SCD_CON_DTL_SPLIT_V,SOURCE,DATA,METADATA
54,SCD_CON_DTL,TARGET,DATA,SQL_PARSE
54,STG_SCD_CON_DTL_SPLIT_S2,SOURCE,DATA,SQL_PARSE
54,STG_SCD_CON_DTL_SPLIT_S2,SOURCE,FILTER,SQL_PARSE
55,STG_CON_HDR_DUPL_S1,TARGET,DATA,METADATA
55,STG_CON_HDR_DUPL_S1_V,SOURCE,DATA,METADATA
56,STG_CON_HDR_DUPL_S2,TARGET,DATA,METADATA
56,STG_CON_HDR_DUPL_S2_V,SOURCE,DATA,METADATA
57,SCD_CON_HDR_DUPL,TARGET,DATA,SQL_PARSE
57,STG_CON_HDR_DUPL_S2,SOURCE,DATA,SQL_PARSE
57,STG_CON_HDR_DUPL_S2,SOURCE,FILTER,SQL_PARSE
58,SCD_CON_HDR_DUPL,TARGET,DATA,METADATA
58,APP_SCD_CON_HDR_DUPL_V,SOURCE,DATA,METADATA
60,XCP_MISSING_PRODUCTS,TARGET,DATA,METADATA
60,XCP_MISSING_PRODUCTS_V,SOURCE,DATA,METADATA
61,XCP_MISSING_BILL_CUST,TARGET,DATA,METADATA
61,XCP_MISSING_BILL_CUST_V,SOURCE,DATA,METADATA
62,XCP_MISSING_END_CUST,TARGET,DATA,METADATA
62,XCP_MISSING_END_CUST_V,SOURCE,DATA,METADATA
63,XCP_MISSING_BILLING_TYPE,TARGET,DATA,METADATA
63,XCP_MISSING_BILLING_TYPE_V,SOURCE,DATA,METADATA
64,LKP_A_MSTR_ACCT,TARGET,DATA,METADATA
64,APP_LKP_A_MSTR_ACCT_V,SOURCE,DATA,METADATA
65,LKP_A_ACCT_SCD_CON_DTL,TARGET,DATA,METADATA
65,LKP_A_ACCT_SCD_CON_DTL_V,SOURCE,DATA,METADATA
66,SNAP_ERM_ACCT,TARGET,DATA,METADATA
66,APP_SNAP_ERM_ACCT_V,SOURCE,DATA,METADATA
67,STG_MRC_DTL_S1,TARGET,DATA,METADATA
67,STG_MRC_DTL_S1_V,SOURCE,DATA,METADATA
68,STG_MRC_DTL_S2,TARGET,DATA,METADATA
68,STG_MRC_DTL_S2_V,SOURCE,DATA,METADATA
69,STG_MRC_DTL_S3,TARGET,DATA,METADATA
69,STG_MRC_DTL_S3_V,SOURCE,DATA,METADATA
70,STG_SCD_CON_DTL_OVR_MPC_S1,TARGET,DATA,METADATA
70,STG_SCD_CON_DTL_OVR_MPC_S1_V,SOURCE,DATA,METADATA
71,SNAP_MRC_DTL,TARGET,DATA,METADATA
71,APP_MRC_DTL_V,SOURCE,DATA,METADATA
72,SCD_CON_DTL_OVR,TARGET,DATA,METADATA
72,APP_SCD_CON_DTL_OVR_MPC_V,SOURCE,DATA,METADATA
73,STG_SCD_OPPTY_S1,TARGET,DATA,METADATA
73,STG_SCD_OPPTY_S1_V,SOURCE,DATA,METADATA
74,STG_SCD_OPPTY_S2,TARGET,DATA,METADATA
74,STG_SCD_OPPTY_S2_V,SOURCE,DATA,METADATA
75,SCD_OPPTY,TARGET,DATA,SQL_PARSE
75,STG_SCD_OPPTY_S2,SOURCE,DATA,SQL_PARSE
75,STG_SCD_OPPTY_S2,SOURCE,FILTER,SQL_PARSE
76,SCD_OPPTY,TARGET,DATA,METADATA
76,APP_SCD_OPPTY_V,SOURCE,DATA,METADATA
81,LKP_A_PULL_CON_SNAPDATE_OVR,TARGET,DATA,METADATA
81,LKP_A_PULL_CON_SNAPDATE_OVR_V,SOURCE,DATA,METADATA
82,LKP_A_COE_CUST_ROLL,TARGET,DATA,METADATA
82,LKP_A_COE_CUST_ROLL_V,SOURCE,DATA,METADATA
83,LKP_X_PULL_OPP_VAR,TARGET,DATA,METADATA
83,LKP_A_PULL_OPP_VAR,SOURCE,DATA,METADATA
87,RPT_DAILY_LIST_1C,TARGET,DATA,METADATA
87,RPT_DAILY_LIST_1C_V,SOURCE,DATA,METADATA
88,RPT_DAILY_LIST,TARGET,DATA,METADATA
88,RPT_DAILY_LIST_V,SOURCE,DATA,METADATA
89,LKP_A_PULL_DAILY_LIST_ACCTS,TARGET,DATA,METADATA
89,LKP_A_PULL_DAILY_LIST_ACCTS_V,SOURCE,DATA,METADATA
90,SNAP_DAILY_LIST,TARGET,DATA,METADATA
90,APP_SNAP_DAILY_LIST_V,SOURCE,DATA,METADATA
91,STG_DAILY_LIST_CON_OPPTY_S1,TARGET,DATA,METADATA
91,STG_DAILY_LIST_CON_OPPTY_S1_V,SOURCE,DATA,METADATA
92,STG_DAILY_LIST_CON_OPPTY_S2,TARGET,DATA,METADATA
92,STG_DAILY_LIST_CON_OPPTY_S2_V,SOURCE,DATA,METADATA
93,STG_DAILY_LIST_CON_OPPTY_S3,TARGET,DATA,METADATA
93,STG_DAILY_LIST_CON_OPPTY_S3_V,SOURCE,DATA,METADATA
94,STG_DAILY_LIST_CON_OPPTY_S4,TARGET,DATA,METADATA
94,STG_DAILY_LIST_CON_OPPTY_S4_V,SOURCE,DATA,METADATA
95,STG_DAILY_LIST_CON_OPPTY_S5,TARGET,DATA,METADATA
95,STG_DAILY_LIST_CON_OPPTY_S5_V,SOURCE,DATA,METADATA
96,SCD_CON_DTL_OVR_PULL_LCK,TARGET,DATA,METADATA
96,SCD_CON_DTL_OVR_PULL_LCK_V,SOURCE,DATA,METADATA
97,STG_PULL_CON_COMPARE_S1,TARGET,DATA,METADATA
97,STG_PULL_CON_COMPARE_S1_V,SOURCE,DATA,METADATA
98,STG_PULL_CON_COMPARE_S2,TARGET,DATA,METADATA
98,STG_PULL_CON_COMPARE_S2_V,SOURCE,DATA,METADATA
99,STG_PULL_CON_COMPARE_S3,TARGET,DATA,METADATA
99,STG_PULL_CON_COMPARE_S3_V,SOURCE,DATA,METADATA
100,STG_PULL_CON_COMPARE_S4,TARGET,DATA,METADATA
100,STG_PULL_CON_COMPARE_S4_V,SOURCE,DATA,METADATA
101,STG_PULL_CON_COMPARE_S5,TARGET,DATA,METADATA
101,STG_PULL_CON_COMPARE_S5_V,SOURCE,DATA,METADATA
102,RPT_PULL_CON_COMPARE,TARGET,DATA,METADATA
102,RPT_PULL_CON_COMPARE_V,SOURCE,DATA,METADATA
103,SNAP_PULL_CON_COMPARE,TARGET,DATA,METADATA
103,APP_SNAP_PULL_CON_COMPARE_V,SOURCE,DATA,METADATA
104,WEB_COMP_TCV_ACV_S0A,TARGET,DATA,METADATA
104,WEB_COMP_TCV_ACV_S0A_V,SOURCE,DATA,METADATA
105,WEB_COMP_TCV_ACV_S0B,TARGET,DATA,METADATA
105,WEB_COMP_TCV_ACV_S0B_V,SOURCE,DATA,METADATA
106,WEB_COMP_TCV_ACV_S1,TARGET,DATA,METADATA
106,WEB_COMP_TCV_ACV_S1_V,SOURCE,DATA,METADATA
107,WEB_COMP_TCV_ACV_S1A,TARGET,DATA,METADATA
107,WEB_COMP_TCV_ACV_S1A_V,SOURCE,DATA,METADATA
108,WEB_COMP_TCV_ACV_S1B,TARGET,DATA,METADATA
108,WEB_COMP_TCV_ACV_S1B_V,SOURCE,DATA,METADATA
109,WEB_COMP_TCV_ACV_S2,TARGET,DATA,METADATA
109,WEB_COMP_TCV_ACV_S2_V,SOURCE,DATA,METADATA
110,WEB_COMP_TCV_ACV_S2A,TARGET,DATA,METADATA
110,WEB_COMP_TCV_ACV_S2A_V,SOURCE,DATA,METADATA
111,WEB_COMP_TCV_ACV_S2B,TARGET,DATA,METADATA
111,WEB_COMP_TCV_ACV_S2B_V,SOURCE,DATA,METADATA
112,WEB_COMP_TCV_ACV_S3,TARGET,DATA,METADATA
112,WEB_COMP_TCV_ACV_S3_V,SOURCE,DATA,METADATA
113,WEB_COMP_TCV_ACV_S4,TARGET,DATA,METADATA
113,WEB_COMP_TCV_ACV_S4_V,SOURCE,DATA,METADATA
114,SNAP_TCV_ACV,TARGET,DATA,METADATA
114,WEB_COMP_TCV_ACV_S5_V,SOURCE,DATA,METADATA
116,APX_PULL_CON_COMPARE,TARGET,DATA,METADATA
116,APX_PULL_CON_COMPARE_V,SOURCE,DATA,METADATA
117,APX_PULL_CON_ACCT,TARGET,DATA,METADATA
117,APX_PULL_CON_ACCT_V,SOURCE,DATA,METADATA
118,STG_XCEPT_S1,TARGET,DATA,METADATA
118,STG_XCEPT_S1_V,SOURCE,DATA,METADATA
119,STG_XCEPT_S2,TARGET,DATA,METADATA
119,STG_XCEPT_S2_V,SOURCE,DATA,METADATA
120,STG_XCEPT_S3,TARGET,DATA,METADATA
120,STG_XCEPT_S3_V,SOURCE,DATA,METADATA
121,SCD_XCEPT,TARGET,DATA,SQL_PARSE
121,STG_XCEPT_S3,SOURCE,FILTER,SQL_PARSE
122,SCD_XCEPT,TARGET,DATA,METADATA
122,APP_SCD_XCEPT_V,SOURCE,DATA,METADATA
124,SNAP_BKG,TARGET,DATA,SQL_PARSE
124,LKP_A_PULL_VAR,SOURCE,FILTER,SQL_PARSE
125,SNAP_BKG,TARGET,DATA,SQL_PARSE
125,APP_SNAP_BKG_V,SOURCE,DATA,SQL_PARSE
126,LKP_A_ACCT_OWNER_OVR,TARGET,DATA,METADATA
126,LKP_A_ACCT_OWNER_OVR_V,SOURCE,DATA,METADATA
127,LKP_A_LTST_COE_CURR,TARGET,DATA,METADATA
127,LKP_A_LTST_COE_CURR_V,SOURCE,DATA,METADATA
128,WEB_COMP_TCV_ACV_S0A,TARGET,DATA,METADATA
128,WEB_COMP_TCV_ACV_S0A_V,SOURCE,DATA,METADATA
129,WEB_COMP_TCV_ACV_S0B,TARGET,DATA,METADATA
129,WEB_COMP_TCV_ACV_S0B_V,SOURCE,DATA,METADATA
130,WEB_COMP_TCV_ACV_S1,TARGET,DATA,METADATA
130,WEB_COMP_TCV_ACV_S1_V,SOURCE,DATA,METADATA
131,WEB_COMP_TCV_ACV_S1A,TARGET,DATA,METADATA
131,WEB_COMP_TCV_ACV_S1A_V,SOURCE,DATA,METADATA
132,WEB_COMP_TCV_ACV_S1B,TARGET,DATA,METADATA
132,WEB_COMP_TCV_ACV_S1B_V,SOURCE,DATA,METADATA
133,WEB_COMP_TCV_ACV_S2,TARGET,DATA,METADATA
133,WEB_COMP_TCV_ACV_S2_V,SOURCE,DATA,METADATA
134,WEB_COMP_TCV_ACV_S2A,TARGET,DATA,METADATA
134,WEB_COMP_TCV_ACV_S2A_V,SOURCE,DATA,METADATA
135,WEB_COMP_TCV_ACV_S2B,TARGET,DATA,METADATA
135,WEB_COMP_TCV_ACV_S2B_V,SOURCE,DATA,METADATA
136,WEB_COMP_TCV_ACV_S3,TARGET,DATA,METADATA
136,WEB_COMP_TCV_ACV_S3_V,SOURCE,DATA,METADATA
137,WEB_COMP_TCV_ACV_S4,TARGET,DATA,METADATA
137,WEB_COMP_TCV_ACV_S4_V,SOURCE,DATA,METADATA
138,SNAP_TCV_ACV,TARGET,DATA,METADATA
138,WEB_COMP_TCV_ACV_S5_V,SOURCE,DATA,METADATA
140,STG_BKG_COMP_S0,TARGET,DATA,METADATA
140,STG_BKG_COMP_S0_V,SOURCE,DATA,METADATA
141,STG_BKG_COMP_S0_A,TARGET,DATA,METADATA
141,STG_BKG_COMP_S0_A_V,SOURCE,DATA,METADATA
142,STG_BKG_COMP_S1,TARGET,DATA,METADATA
142,STG_BKG_COMP_S1_V,SOURCE,DATA,METADATA
143,STG_BKG_COMP_S2,TARGET,DATA,METADATA
143,STG_BKG_COMP_S2_V,SOURCE,DATA,METADATA
144,STG_BKG_COMP_S3,TARGET,DATA,METADATA
144,STG_BKG_COMP_S3_V,SOURCE,DATA,METADATA
145,STG_BKG_COMP_S3A,TARGET,DATA,METADATA
145,STG_BKG_COMP_S3A_V,SOURCE,DATA,METADATA
146,STG_BKG_COMP_S3B,TARGET,DATA,METADATA
146,STG_BKG_COMP_S3B_V,SOURCE,DATA,METADATA
147,STG_BKG_COMP_S3C,TARGET,DATA,METADATA
147,STG_BKG_COMP_S3C_V,SOURCE,DATA,METADATA
148,STG_BKG_COMP_S3D,TARGET,DATA,METADATA
148,STG_BKG_COMP_S3D_V,SOURCE,DATA,METADATA
149,STG_BKG_COMP_S4,TARGET,DATA,METADATA
149,STG_BKG_COMP_S4_V,SOURCE,DATA,METADATA
150,STG_BKG_COMP_S4A,TARGET,DATA,METADATA
150,STG_BKG_COMP_S4A_V,SOURCE,DATA,METADATA
151,SNAP_BKG_COMPARE,TARGET,DATA,METADATA
151,APP_SNAP_BKG_COMPARE_V,SOURCE,DATA,METADATA
152,STG_BKG_COMP_ATT_CALC_S1,TARGET,DATA,METADATA
152,STG_BKG_COMP_ATT_CALC_S1_V,SOURCE,DATA,METADATA
153,STG_BKG_COMP_ATT_CALC_S2,TARGET,DATA,METADATA
153,STG_BKG_COMP_ATT_CALC_S2_V,SOURCE,DATA,METADATA
154,SNAP_BKG_PROD_UNITCNT_CLNUP,TARGET,DATA,METADATA
154,SNAP_BKG_PROD_UNITCNT_CLNUP_V,SOURCE,DATA,METADATA
155,STG_BKG_ACCT_PROD_ROLL_S1,TARGET,DATA,METADATA
155,STG_BKG_ACCT_PROD_ROLL_S1_V,SOURCE,DATA,METADATA
156,SNAP_BKG_ACCT_PROD_ROLL,TARGET,DATA,METADATA
156,APP_SNAP_BKG_ACCT_PROD_ROLL_V,SOURCE,DATA,METADATA
157,SNAP_BKG_ACCT_ROLL,TARGET,DATA,METADATA
157,APP_SNAP_BKG_ACCT_ROLL_V,SOURCE,DATA,METADATA
158,STG_SNAP_BKG_YTD_DETAIL_S1,TARGET,DATA,METADATA
158,STG_SNAP_BKG_YTD_DETAIL_S1_V,SOURCE,DATA,METADATA
159,SNAP_BKG_YTD_DETAIL,TARGET,DATA,METADATA
159,APP_SNAP_BKG_YTD_DETAIL_V,SOURCE,DATA,METADATA
160,SNAP_BKG_COMP_PROD_UPLOAD,TARGET,DATA,METADATA
160,APP_BKG_COMP_PROD_UPLOAD_V,SOURCE,DATA,METADATA
161,SNAP_BKG_YTD_STERM,TARGET,DATA,METADATA
161,APP_SNAP_BKG_YTD_STERM_V,SOURCE,DATA,METADATA
162,RPT_PROD_UPLOAD_0A,TARGET,DATA,METADATA
162,RPT_PROD_UPLOAD_0A_V,SOURCE,DATA,METADATA
163,RPT_PROD_UPLOAD_0B,TARGET,DATA,METADATA
163,RPT_PROD_UPLOAD_0B_V,SOURCE,DATA,METADATA
164,RPT_PROD_UPLOAD_0C,TARGET,DATA,METADATA
164,RPT_PROD_UPLOAD_0C_V,SOURCE,DATA,METADATA
165,RPT_PROD_UPLOAD_0D,TARGET,DATA,METADATA
165,RPT_PROD_UPLOAD_0D_V,SOURCE,DATA,METADATA
166,RPT_PROD_UPLOAD_0D_1,TARGET,DATA,METADATA
166,RPT_PROD_UPLOAD_0D_1_V,SOURCE,DATA,METADATA
167,RPT_PROD_UPLOAD_0E,TARGET,DATA,METADATA
167,RPT_PROD_UPLOAD_0E_V,SOURCE,DATA,METADATA
168,RPT_PROD_UPLOAD_0F,TARGET,DATA,METADATA
168,RPT_PROD_UPLOAD_0F_V,SOURCE,DATA,METADATA
169,RPT_PROD_UPLOAD_0H_1,TARGET,DATA,METADATA
169,RPT_PROD_UPLOAD_0H_1_V,SOURCE,DATA,METADATA
170,RPT_PROD_UPLOAD_0H_2,TARGET,DATA,METADATA
170,RPT_PROD_UPLOAD_0H_2_V,SOURCE,DATA,METADATA
171,RPT_PROD_UPLOAD_0H_3,TARGET,DATA,METADATA
171,RPT_PROD_UPLOAD_0H_3_V,SOURCE,DATA,METADATA
172,RPT_PROD_UPLOAD_1,TARGET,DATA,METADATA
172,RPT_PROD_UPLOAD_1_V,SOURCE,DATA,METADATA
173,RPT_PROD_UPLOAD_1A,TARGET,DATA,METADATA
173,RPT_PROD_UPLOAD_1A_V,SOURCE,DATA,METADATA
174,RPT_PROD_UPLOAD_2,TARGET,DATA,METADATA
174,RPT_PROD_UPLOAD_2_V,SOURCE,DATA,METADATA
175,RPT_PROD_NETTCV_S1_CONLENGTH,TARGET,DATA,METADATA
175,RPT_PROD_NETTCV_S1_CONLENGTH_V,SOURCE,DATA,METADATA
176,RPT_PROD_NETTCV_S2_MOST_RECENT_CON_EXT,TARGET,DATA,METADATA
176,RPT_PROD_NETTCV_S2_MOST_RECENT_CON_EXT_V,SOURCE,DATA,METADATA
177,RPT_PROD_NETTCV_S3_MOST_RECENT_OTHER,TARGET,DATA,METADATA
177,RPT_PROD_NETTCV_S3_MOST_RECENT_OTHER_V,SOURCE,DATA,METADATA
178,RPT_PROD_NETTCV_S4_BKG_W_REN,TARGET,DATA,METADATA
178,RPT_PROD_NETTCV_S4_BKG_W_REN_V,SOURCE,DATA,METADATA
179,RPT_PROD_NETTCV_S5_BKG_MOD,TARGET,DATA,METADATA
179,RPT_PROD_NETTCV_S5_BKG_MOD_V,SOURCE,DATA,METADATA
180,RPT_PROD_NETTCV_S6_DOM_BKG,TARGET,DATA,METADATA
180,RPT_PROD_NETTCV_S6_DOM_BKG_V,SOURCE,DATA,METADATA
181,RPT_PROD_UPLOAD_2A,TARGET,DATA,METADATA
181,RPT_PROD_UPLOAD_2A_V,SOURCE,DATA,METADATA
182,RPT_PROD_UPLOAD_3,TARGET,DATA,METADATA
182,RPT_PROD_UPLOAD_3_V,SOURCE,DATA,METADATA
183,LKP_A_EMP_DGRAT,TARGET,DATA,METADATA
183,LKP_A_EMP_DGRAT_V,SOURCE,DATA,METADATA
187,RPT_DAILY_LIST_1C,TARGET,DATA,METADATA
187,RPT_DAILY_LIST_1C_V,SOURCE,DATA,METADATA
188,RPT_DAILY_LIST,TARGET,DATA,METADATA
188,RPT_DAILY_LIST_V,SOURCE,DATA,METADATA
189,STG_OPP_USR_ASGN_S1,TARGET,DATA,METADATA
189,STG_OPP_USR_ASGN_S1_V,SOURCE,DATA,METADATA
190,STG_OPP_USR_ASGN_S2,TARGET,DATA,METADATA
190,STG_OPP_USR_ASGN_S2_V,SOURCE,DATA,METADATA
191,STG_OPP_USR_ASGN_S3,TARGET,DATA,METADATA
191,STG_OPP_USR_ASGN_S3_V,SOURCE,DATA,METADATA
192,STG_OPP_USR_ASGN_S4,TARGET,DATA,METADATA
192,STG_OPP_USR_ASGN_S4_V,SOURCE,DATA,METADATA
193,STG_OPP_USR_ASGN_S5,TARGET,DATA,METADATA
193,STG_OPP_USR_ASGN_S5_V,SOURCE,DATA,METADATA
194,LKP_M_BKG_USR_NEW,TARGET,DATA,METADATA
194,STG_OPP_USR_ASGN_S6_V,SOURCE,DATA,METADATA
195,LKP_M_BKG_USR_XCP,TARGET,DATA,METADATA
195,STG_OPP_USR_ASGN_S6A_V,SOURCE,DATA,METADATA
196,LKP_M_BKG_USR_NEW,TARGET,DATA,SQL_PARSE
196,STG_OPP_USR_ASGN_S6B_V,SOURCE,FILTER,SQL_PARSE
197,LKP_M_BKG_USR,TARGET,DATA,METADATA
197,STG_OPP_USR_ASGN_S7_V,SOURCE,DATA,METADATA
198,RPT_BKG_CUST_CON,TARGET,DATA,METADATA
198,RPT_BKG_CUST_CON_V,SOURCE,DATA,METADATA
199,WEB_COMP_TCV_ACV_S1,TARGET,DATA,METADATA
199,WEB_COMP_TCV_ACV_S1_V,SOURCE,DATA,METADATA
200,RPT_BKG_CUST_CON_S1,TARGET,DATA,METADATA
200,RPT_BKG_CUST_CON_S1_V,SOURCE,DATA,METADATA
201,RPT_BKG_CUST_CON_S2,TARGET,DATA,METADATA
201,RPT_BKG_CUST_CON_S2_V,SOURCE,DATA,METADATA
202,STG_DL_PRICING_S1,TARGET,DATA,METADATA
202,STG_DL_PRICING_S1_V,SOURCE,DATA,METADATA
203,STG_DL_PRICING_S2,TARGET,DATA,METADATA
203,STG_DL_PRICING_S2_V,SOURCE,DATA,METADATA
204,STG_DL_PRICING_S3,TARGET,DATA,METADATA
204,STG_DL_PRICING_S3_V,SOURCE,DATA,METADATA
205,STG_DL_PRICING_S4,TARGET,DATA,METADATA
205,STG_DL_PRICING_S4_V,SOURCE,DATA,METADATA
206,STG_DL_REG_CURR_MISMATCH_S1,TARGET,DATA,METADATA
206,STG_DL_REG_CURR_MISMATCH_S1_V,SOURCE,DATA,METADATA
207,STG_DL_REG_CURR_MISMATCH_S2,TARGET,DATA,METADATA
207,STG_DL_REG_CURR_MISMATCH_S2_V,SOURCE,DATA,METADATA
208,STG_DL_REG_CURR_MISMATCH_S3,TARGET,DATA,METADATA
208,STG_DL_REG_CURR_MISMATCH_S3_V,SOURCE,DATA,METADATA
209,STG_DL_REG_CURR_MISMATCH_S4,TARGET,DATA,METADATA
209,STG_DL_REG_CURR_MISMATCH_S4_V,SOURCE,DATA,METADATA
210,STG_DL_REG_CURR_MISMATCH_HST,TARGET,DATA,METADATA
210,APP_DL_REG_CURR_MISMATCH_HST_V,SOURCE,DATA,METADATA
211,STG_DL_DUP_CON_S1,TARGET,DATA,METADATA
211,STG_DL_DUP_CON_S1_V,SOURCE,DATA,METADATA
212,STG_DL_DUP_CON_S2,TARGET,DATA,METADATA
212,STG_DL_DUP_CON_S2_V,SOURCE,DATA,METADATA
213,STG_DL_DUP_DBLCNT_S1,TARGET,DATA,METADATA
213,STG_DL_DUP_DBLCNT_S1_V,SOURCE,DATA,METADATA
214,STG_DL_DUP_DBLCNT_S2,TARGET,DATA,METADATA
214,STG_DL_DUP_DBLCNT_S2_V,SOURCE,DATA,METADATA
215,STG_DL_MISC_DTL_S1,TARGET,DATA,METADATA
215,STG_DL_MISC_DTL_S1_V,SOURCE,DATA,METADATA
216,STG_DL_MISC_DTL_S2,TARGET,DATA,METADATA
216,STG_DL_MISC_DTL_S2_V,SOURCE,DATA,METADATA
217,STG_DL_MISC_HDR_S1,TARGET,DATA,METADATA
217,STG_DL_MISC_HDR_S1_V,SOURCE,DATA,METADATA
218,STG_DL_MISC_HDR_S2,TARGET,DATA,METADATA
218,STG_DL_MISC_HDR_S2_V,SOURCE,DATA,METADATA
219,STG_DL_CON_NONCOTERM_S1,TARGET,DATA,METADATA
219,STG_DL_CON_NONCOTERM_S1_V,SOURCE,DATA,METADATA
220,STG_DL_CON_NONCOTERM_S2,TARGET,DATA,METADATA
220,STG_DL_CON_NONCOTERM_S2_V,SOURCE,DATA,METADATA
221,STG_DL_ALIGN_S1,TARGET,DATA,METADATA
221,STG_DL_ALIGN_S1_V,SOURCE,DATA,METADATA
222,STG_DL_ALIGN_S2,TARGET,DATA,METADATA
222,STG_DL_ALIGN_S2_V,SOURCE,DATA,METADATA
223,STG_DL_WHOLESALE_REGS_S1,TARGET,DATA,METADATA
223,STG_DL_WHOLESALE_REGS_S1_V,SOURCE,DATA,METADATA
224,STG_DL_WHOLESALE_REGS_S2,TARGET,DATA,METADATA
224,STG_DL_WHOLESALE_REGS_S2_V,SOURCE,DATA,METADATA
225,STG_DL_INV_CHILD_CONS_S1,TARGET,DATA,METADATA
225,STG_DL_INV_CHILD_CONS_S1_V,SOURCE,DATA,METADATA
226,STG_DL_INV_CHILD_CONS_S2,TARGET,DATA,METADATA
226,STG_DL_INV_CHILD_CONS_S2_V,SOURCE,DATA,METADATA
227,STG_DL_INTERNAL_INV_S1,TARGET,DATA,METADATA
227,STG_DL_INTERNAL_INV_S1_V,SOURCE,DATA,METADATA
228,STG_DL_INTERNAL_INV_S2,TARGET,DATA,METADATA
228,STG_DL_INTERNAL_INV_S2_V,SOURCE,DATA,METADATA
229,STG_EMAIL_DL_S1,TARGET,DATA,METADATA
229,STG_EMAIL_DL_S1_V,SOURCE,DATA,METADATA
230,EMAILS,TARGET,DATA,METADATA
230,CON_DL.SEND_CON_UPDATES,CALL,DATA,SQL_PARSE
230,STG_EMAIL_DL_S1_V,SOURCE,DATA,METADATA
231,SNAP_DL_ALERTS,TARGET,DATA,METADATA
231,APP_SNAP_DL_ALERTS_V,SOURCE,DATA,METADATA
232,SNAP_BKG_COMP_EMP_UPLOAD,TARGET,DATA,METADATA
232,APP_BKG_COMP_EMP_UPLOAD_V,SOURCE,DATA,METADATA
233,ACCOUNT_SOFT_S0,TARGET,DATA,METADATA
233,ACCOUNT_SOFT_S0_V,SOURCE,DATA,METADATA
234,ACCOUNT_SOFT_S1,TARGET,DATA,METADATA
234,ACCOUNT_SOFT_S1_V,SOURCE,DATA,METADATA
235,SNAP_BKG_YTD_SOFT_S1,TARGET,DATA,METADATA
235,ACCOUNT_SOFT_S2_V,SOURCE,DATA,METADATA
236,ACCOUNT_SOFT_S3,TARGET,DATA,METADATA
236,ACCOUNT_SOFT_S3_V,SOURCE,DATA,METADATA
237,RPT_ACCOUNT_SOFT,TARGET,DATA,METADATA
237,RPT_ACCOUNT_SOFT_V,SOURCE,DATA,METADATA
238,RPT_VARIANCE_S1,TARGET,DATA,METADATA
238,RPT_VARIANCE_S1_V,SOURCE,DATA,METADATA
239,RPT_VARIANCE_S2,TARGET,DATA,METADATA
239,RPT_VARIANCE_S2_V,SOURCE,DATA,METADATA
240,RPT_VARIANCE_S3,TARGET,DATA,METADATA
240,RPT_VARIANCE_S3_V,SOURCE,DATA,METADATA
241,RPT_VARIANCE_S4,TARGET,DATA,METADATA
241,RPT_VARIANCE_S4_V,SOURCE,DATA,METADATA
243,RPT_VARIANCE_S5,TARGET,DATA,METADATA
243,RPT_VARIANCE_S5_V,SOURCE,DATA,METADATA
244,SNAP_VARIANCE,TARGET,DATA,METADATA
244,APP_SNAP_VARIANCE_V,SOURCE,DATA,METADATA
245,SNAP_BASELINE_COMPARE,TARGET,DATA,METADATA
245,SNAP_BASELINE_COMPARE_V,SOURCE,DATA,METADATA
248,PEER_RV_ACV_MSTR,TARGET,DATA,METADATA
248,PEER_RV_ACV_MSTR_V,SOURCE,DATA,METADATA
249,PEER_RV_MRR_MSTR,TARGET,DATA,METADATA
249,PEER_RV_MRR_MSTR_V,SOURCE,DATA,METADATA
250,LKP_A_PULL_VAR,TARGET,DATA,METADATA
250,LKP_A_PULL_VAR_V,SOURCE,DATA,METADATA
251,STG_EDGE_S1,TARGET,DATA,METADATA
251,STG_EDGE_S1_V,SOURCE,DATA,METADATA
252,STG_EDGE_S2,TARGET,DATA,METADATA
252,STG_EDGE_S2_V,SOURCE,DATA,METADATA
253,STG_EDGE_S3,TARGET,DATA,METADATA
253,STG_EDGE_S3_V,SOURCE,DATA,METADATA
254,STG_EDGE_S4,TARGET,DATA,METADATA
254,STG_EDGE_S4_V,SOURCE,DATA,METADATA
255,STG_EDGE_S5,TARGET,DATA,METADATA
255,STG_EDGE_S5_V,SOURCE,DATA,METADATA
256,STG_EDGE_S6,TARGET,DATA,METADATA
256,STG_EDGE_S6_V,SOURCE,DATA,METADATA
257,STG_EDGE_S7,TARGET,DATA,METADATA
257,STG_EDGE_S7_V,SOURCE,DATA,METADATA
258,STG_EDGE_S8,TARGET,DATA,METADATA
258,STG_EDGE_S8_V,SOURCE,DATA,METADATA
259,LKP_M_MON_VAR,TARGET,DATA,METADATA
259,APP_LKP_M_MON_VAR_OVR_V,SOURCE,DATA,METADATA
260,LKP_M_MON_OPP_VAR,TARGET,DATA,METADATA
260,APP_LKP_M_MON_OPP_VAR_OVR_V,SOURCE,DATA,METADATA
261,LKP_M_MON_DTC_VAR,TARGET,DATA,METADATA
261,APP_LKP_M_MON_DTC_VAR_OVR_V,SOURCE,DATA,METADATA
262,LKP_M_CONTRACT_TYPE,TARGET,DATA,SQL_PARSE
262,LKP_M_CONTRACT_TYPE,SOURCE,FILTER,SQL_PARSE
263,LKP_M_CONTRACT_TYPE,TARGET,DATA,SQL_PARSE
263,LKP_M_CONTRACT_TYPE,SOURCE,DATA,SQL_PARSE
263,LKP_M_CONTRACT_TYPE,SOURCE,FILTER,SQL_PARSE
264,XCP_RG_ACCT_CAN_C1,TARGET,DATA,METADATA
264,XCP_RG_ACCT_CAN_C1_V,SOURCE,DATA,METADATA
265,XCP_RG_CUSTOM_LINE_C1,TARGET,DATA,METADATA
265,XCP_RG_CUSTOM_LINE_C1_V,SOURCE,DATA,METADATA
266,XCP_RG_CUSTOM_LINE_C2,TARGET,DATA,METADATA
266,XCP_RG_CUSTOM_LINE_C2_V,SOURCE,DATA,METADATA
267,XCP_RG_OPP_C1,TARGET,DATA,METADATA
267,XCP_RG_OPP_C1_V,SOURCE,DATA,METADATA
268,XCP_CUSTOM_ALLOC,TARGET,DATA,METADATA
268,XCP_CUSTOM_ALLOC_V,SOURCE,DATA,METADATA
269,XCP_ACCT_MULTIPLE_USERS,TARGET,DATA,METADATA
269,XCP_ACCT_MULTIPLE_USERS_V,SOURCE,DATA,METADATA
270,XCP_ACCT_OPPTY_MISMATCH,TARGET,DATA,METADATA
270,XCP_ACCT_OPPTY_MISMATCH_V,SOURCE,DATA,METADATA
271,XCP_ACCT_BKGGRP_AMT_CHK,TARGET,DATA,METADATA
271,XCP_ACCT_BKGGRP_AMT_CHK_V,SOURCE,DATA,METADATA
272,XCP_INCORRECT_ACCT_ASSIGNMT,TARGET,DATA,METADATA
272,XCP_INCORRECT_ACCT_ASSIGNMT_V,SOURCE,DATA,METADATA
273,XCP_OPPTY_MUTLIPLE_ACCTS,TARGET,DATA,METADATA
273,XCP_OPPTY_MUTLIPLE_ACCTS_V,SOURCE,DATA,METADATA
274,XCP_OPPTY_MULTIPLE_OWNERS,TARGET,DATA,METADATA
274,XCP_OPPTY_MULTIPLE_OWNERS_V,SOURCE,DATA,METADATA
275,XCP_OPPTY_MULTIPLE_GRAZT,TARGET,DATA,METADATA
275,XCP_OPPTY_MULTIPLE_GRAZT_V,SOURCE,DATA,METADATA
276,XCP_OPPTY_PROD_UPLOAD,TARGET,DATA,METADATA
276,XCP_OPPTY_PROD_UPLOAD_V,SOURCE,DATA,METADATA
277,XCP_MISSING_CUSTOMERS_COE,TARGET,DATA,METADATA
277,XCP_MISSING_CUSTOMERS_COE_V,SOURCE,DATA,METADATA
278,RPT_BKG_RECON_S0,TARGET,DATA,METADATA
278,RPT_BKG_RECON_S0_V,SOURCE,DATA,METADATA
279,RPT_BKG_RECON_S1,TARGET,DATA,METADATA
279,RPT_BKG_RECON_S1_V,SOURCE,DATA,METADATA
280,RPT_BKG_RECON_S2,TARGET,DATA,METADATA
280,RPT_BKG_RECON_S2_V,SOURCE,DATA,METADATA
281,RPT_BKG_RECON_S3,TARGET,DATA,METADATA
281,RPT_BKG_RECON_S3_V,SOURCE,DATA,METADATA
282,RPT_BKG_RECON,TARGET,DATA,METADATA
282,RPT_BKG_RECONS_V,SOURCE,DATA,METADATA
283,NC_AUDIT_PARENT,TARGET,DATA,METADATA
283,NC_AUDIT_PARENT_V,SOURCE,DATA,METADATA
284,LKP_M_RPT_MON_VAR,TARGET,DATA,METADATA
284,APP_LKP_M_RPT_MON_VAR_OVR_V,SOURCE,DATA,METADATA
285,LINODE_NC_S1,TARGET,DATA,METADATA
285,LINODE_NC_S1_V,SOURCE,DATA,METADATA
286,LINODE_NC_S2,TARGET,DATA,METADATA
286,LINODE_NC_S2_V,SOURCE,DATA,METADATA
287,LINODE_NC_S3,TARGET,DATA,METADATA
287,LINODE_NC_S3_V,SOURCE,DATA,METADATA
288,LINODE_NC_S4,TARGET,DATA,METADATA
288,LINODE_NC_S4_V,SOURCE,DATA,METADATA
289,LINODE_NC_S5,TARGET,DATA,METADATA
289,LINODE_NC_S5_V,SOURCE,DATA,METADATA
290,LINODE_NC_S6,TARGET,DATA,METADATA
290,LINODE_NC_S6_V,SOURCE,DATA,METADATA
291,LINODE_NC_S7,TARGET,DATA,METADATA
291,LINODE_NC_S7_V,SOURCE,DATA,METADATA
296,CHURN_RPT_S1,TARGET,DATA,METADATA
296,CHURN_RPT_S1_V,SOURCE,DATA,METADATA
297,CHURN_RPT_S2,TARGET,DATA,METADATA
297,CHURN_RPT_S2_V,SOURCE,DATA,METADATA
298,CHURN_RPT_S3,TARGET,DATA,METADATA
298,CHURN_RPT_S3_V,SOURCE,DATA,METADATA
299,CHURN_RPT_S4,TARGET,DATA,METADATA
299,CHURN_RPT_S4_V,SOURCE,DATA,METADATA
300,CHURN_RPT_S5,TARGET,DATA,METADATA
300,CHURN_RPT_S5_V,SOURCE,DATA,METADATA
301,CHURN_RPT_S6,TARGET,DATA,METADATA
301,CHURN_RPT_S6_V,SOURCE,DATA,METADATA
302,CHURN_RPT_S7,TARGET,DATA,METADATA
302,CHURN_RPT_S7_V,SOURCE,DATA,METADATA
303,CHURN_RPT_S8,TARGET,DATA,METADATA
303,CHURN_RPT_S8_V,SOURCE,DATA,METADATA
304,CHURN_RPT_S9,TARGET,DATA,METADATA
304,CHURN_RPT_S9_V,SOURCE,DATA,METADATA
305,CHURN_RPT_S10,TARGET,DATA,METADATA
305,CHURN_RPT_S10_V,SOURCE,DATA,METADATA
306,CHURN_RPT_S11,TARGET,DATA,METADATA
306,CHURN_RPT_S11_V,SOURCE,DATA,METADATA
307,RPT_OPPTY_PROG_STAT,TARGET,DATA,SQL_PARSE
308,RPT_OPPTY_PROG_STAT,TARGET,DATA,METADATA
308,RPT_OPPTY_PROG_STAT_V,SOURCE,DATA,METADATA
309,LKP_M_ON_PREM_PROD,TARGET,DATA,SQL_PARSE
309,LKP_M_ON_PREM_PROD,SOURCE,FILTER,SQL_PARSE
310,LKP_M_ON_PREM_PROD,TARGET,DATA,SQL_PARSE
310,LKP_M_ON_PREM_PROD,SOURCE,DATA,SQL_PARSE
310,LKP_M_ON_PREM_PROD,SOURCE,FILTER,SQL_PARSE
312,RPT_CC_FX_COMBO,TARGET,DATA,METADATA
312,RPT_CC_FX_COMBO_V,SOURCE,DATA,METADATA
313,BOP_COMP_MSTR,TARGET,DATA,METADATA
313,BOP_COMP_MSTR_V,SOURCE,DATA,METADATA
314,DAILY_RPT_PROD_UPLOAD_S00A,TARGET,DATA,SQL_PARSE
315,DAILY_RPT_PROD_UPLOAD_S00A,TARGET,DATA,SQL_PARSE
315,DAILY_RPT_PROD_UPLOAD_S00A_V,SOURCE,DATA,SQL_PARSE
316,DAILY_RPT_PROD_UPLOAD_S00B,TARGET,DATA,SQL_PARSE
317,DAILY_RPT_PROD_UPLOAD_S00B,TARGET,DATA,SQL_PARSE
317,DAILY_RPT_PROD_UPLOAD_S00B_V,SOURCE,DATA,SQL_PARSE
318,DAILY_RPT_PROD_UPLOAD_S0,TARGET,DATA,SQL_PARSE
319,DAILY_RPT_PROD_UPLOAD_S0,TARGET,DATA,SQL_PARSE
319,DAILY_RPT_PROD_UPLOAD_S0_V,SOURCE,DATA,SQL_PARSE
320,DAILY_RPT_PROD_UPLOAD_S01,TARGET,DATA,SQL_PARSE
321,DAILY_RPT_PROD_UPLOAD_S01,TARGET,DATA,SQL_PARSE
321,DAILY_RPT_PROD_UPLOAD_S01_V,SOURCE,DATA,SQL_PARSE
322,DAILY_RPT_PROD_UPLOAD_S02,TARGET,DATA,SQL_PARSE
323,DAILY_RPT_PROD_UPLOAD_S02,TARGET,DATA,SQL_PARSE
323,DAILY_RPT_PROD_UPLOAD_S02_V,SOURCE,DATA,SQL_PARSE
324,DAILY_RPT_PROD_UPLOAD_S03,TARGET,DATA,SQL_PARSE
325,DAILY_RPT_PROD_UPLOAD_S03,TARGET,DATA,SQL_PARSE
325,DAILY_RPT_PROD_UPLOAD_S03_V,SOURCE,DATA,SQL_PARSE
326,DAILY_RPT_PROD_UPLOAD_S04,TARGET,DATA,SQL_PARSE
327,DAILY_RPT_PROD_UPLOAD_S04,TARGET,DATA,SQL_PARSE
327,DAILY_RPT_PROD_UPLOAD_S04_V,SOURCE,DATA,SQL_PARSE
328,DAILY_RPT_PROD_UPLOAD_S05,TARGET,DATA,SQL_PARSE
329,DAILY_RPT_PROD_UPLOAD_S05,TARGET,DATA,SQL_PARSE
329,DAILY_RPT_PROD_UPLOAD_S05_V,SOURCE,DATA,SQL_PARSE
330,DAILY_RPT_PROD_UPLOAD_S06,TARGET,DATA,SQL_PARSE
331,DAILY_RPT_PROD_UPLOAD_S06,TARGET,DATA,SQL_PARSE
331,DAILY_RPT_PROD_UPLOAD_S06_V,SOURCE,DATA,SQL_PARSE
332,DAILY_RPT_PROD_UPLOAD_S07,TARGET,DATA,SQL_PARSE
333,DAILY_RPT_PROD_UPLOAD_S07,TARGET,DATA,SQL_PARSE
333,DAILY_RPT_PROD_UPLOAD_S07_V,SOURCE,DATA,SQL_PARSE
334,DAILY_RPT_PROD_UPLOAD_S08,TARGET,DATA,SQL_PARSE
335,DAILY_RPT_PROD_UPLOAD_S08,TARGET,DATA,SQL_PARSE
335,DAILY_RPT_PROD_UPLOAD_S08_V,SOURCE,DATA,SQL_PARSE
336,DAILY_RPT_PROD_UPLOAD_S09,TARGET,DATA,SQL_PARSE
337,DAILY_RPT_PROD_UPLOAD_S09,TARGET,DATA,SQL_PARSE
337,DAILY_RPT_PROD_UPLOAD_S09_V,SOURCE,DATA,SQL_PARSE
338,DAILY_RPT_PROD_UPLOAD_S10,TARGET,DATA,SQL_PARSE
339,DAILY_RPT_PROD_UPLOAD_S10,TARGET,DATA,SQL_PARSE
339,DAILY_RPT_PROD_UPLOAD_S10_V,SOURCE,DATA,SQL_PARSE
340,DAILY_RPT_PROD_UPLOAD_S11,TARGET,DATA,SQL_PARSE
341,DAILY_RPT_PROD_UPLOAD_S11,TARGET,DATA,SQL_PARSE
341,DAILY_RPT_PROD_UPLOAD_S11_V,SOURCE,DATA,SQL_PARSE
342,DAILY_RPT_PROD_UPLOAD_S12,TARGET,DATA,SQL_PARSE
343,DAILY_RPT_PROD_UPLOAD_S12,TARGET,DATA,SQL_PARSE
343,DAILY_RPT_PROD_UPLOAD_S12_V,SOURCE,DATA,SQL_PARSE
344,DAILY_RPT_PROD_UPLOAD_S13,TARGET,DATA,SQL_PARSE
345,DAILY_RPT_PROD_UPLOAD_S13,TARGET,DATA,SQL_PARSE
345,DAILY_RPT_PROD_UPLOAD_S13_V,SOURCE,DATA,SQL_PARSE
346,DAILY_RPT_PROD_UPLOAD_S14,TARGET,DATA,SQL_PARSE
347,DAILY_RPT_PROD_UPLOAD_S14,TARGET,DATA,SQL_PARSE
347,DAILY_RPT_PROD_UPLOAD_S14_V,SOURCE,DATA,SQL_PARSE
348,DAILY_RPT_PROD_UPLOAD_S15,TARGET,DATA,SQL_PARSE
349,DAILY_RPT_PROD_UPLOAD_S15,TARGET,DATA,SQL_PARSE
349,DAILY_RPT_PROD_UPLOAD_S15_V,SOURCE,DATA,SQL_PARSE
350,DAILY_RPT_PROD_UPLOAD_S16,TARGET,DATA,SQL_PARSE
351,DAILY_RPT_PROD_UPLOAD_S16,TARGET,DATA,SQL_PARSE
351,DAILY_RPT_PROD_UPLOAD_S16_V,SOURCE,DATA,SQL_PARSE
352,DAILY_RPT_PROD_UPLOAD_S17,TARGET,DATA,SQL_PARSE
353,DAILY_RPT_PROD_UPLOAD_S17,TARGET,DATA,SQL_PARSE
353,DAILY_RPT_PROD_UPLOAD_S17_V,SOURCE,DATA,SQL_PARSE
354,DAILY_RPT_PROD_UPLOAD_S18,TARGET,DATA,SQL_PARSE
355,DAILY_RPT_PROD_UPLOAD_S18,TARGET,DATA,SQL_PARSE
355,DAILY_RPT_PROD_UPLOAD_S18_V,SOURCE,DATA,SQL_PARSE
356,DAILY_RPT_PROD_UPLOAD_S19,TARGET,DATA,SQL_PARSE
357,DAILY_RPT_PROD_UPLOAD_S19,TARGET,DATA,SQL_PARSE
357,DAILY_RPT_PROD_UPLOAD_S19_V,SOURCE,DATA,SQL_PARSE
358,DAILY_RPT_PROD_UPLOAD_S20,TARGET,DATA,SQL_PARSE
359,DAILY_RPT_PROD_UPLOAD_S20,TARGET,DATA,SQL_PARSE
359,DAILY_RPT_PROD_UPLOAD_S20_V,SOURCE,DATA,SQL_PARSE
360,DAILY_RPT_PROD_UPLOAD_S21,TARGET,DATA,SQL_PARSE
361,DAILY_RPT_PROD_UPLOAD_S21,TARGET,DATA,SQL_PARSE
361,DAILY_RPT_PROD_UPLOAD_S21_V,SOURCE,DATA,SQL_PARSE
362,DAILY_RPT_PROD_NETTCV_S1_CONLENGTH,TARGET,DATA,SQL_PARSE
363,DAILY_RPT_PROD_NETTCV_S1_CONLENGTH,TARGET,DATA,SQL_PARSE
363,DAILY_RPT_PROD_NETTCV_S1_CONLENGTH_V,SOURCE,DATA,SQL_PARSE
364,DAILY_RPT_PROD_NETTCV_S2_MOST_RECENT_CON_EXT,TARGET,DATA,SQL_PARSE
365,DAILY_RPT_PROD_NETTCV_S2_MOST_RECENT_CON_EXT,TARGET,DATA,SQL_PARSE
365,DAILY_RPT_PROD_NETTCV_S2_MOST_RECENT_CON_EXT_V,SOURCE,DATA,SQL_PARSE
366,DAILY_RPT_PROD_NETTCV_S3_MOST_RECENT_OTHER,TARGET,DATA,SQL_PARSE
367,DAILY_RPT_PROD_NETTCV_S3_MOST_RECENT_OTHER,TARGET,DATA,SQL_PARSE
367,DAILY_RPT_PROD_NETTCV_S3_MOST_RECENT_OTHER_V,SOURCE,DATA,SQL_PARSE
368,DAILY_RPT_PROD_NETTCV_S4_BKG_W_REN,TARGET,DATA,SQL_PARSE
369,DAILY_RPT_PROD_NETTCV_S4_BKG_W_REN,TARGET,DATA,SQL_PARSE
369,DAILY_RPT_PROD_NETTCV_S4_BKG_W_REN_V,SOURCE,DATA,SQL_PARSE
370,DAILY_RPT_PROD_NETTCV_S5_BKG_MOD,TARGET,DATA,SQL_PARSE
371,DAILY_RPT_PROD_NETTCV_S5_BKG_MOD,TARGET,DATA,SQL_PARSE
371,DAILY_RPT_PROD_NETTCV_S5_BKG_MOD_V,SOURCE,DATA,SQL_PARSE
372,DAILY_RPT_PROD_NETTCV_S6_DOM_BKG,TARGET,DATA,SQL_PARSE
373,DAILY_RPT_PROD_NETTCV_S6_DOM_BKG,TARGET,DATA,SQL_PARSE
373,DAILY_RPT_PROD_NETTCV_S6_DOM_BKG_V,SOURCE,DATA,SQL_PARSE
374,DAILY_RPT_PROD_UPLOAD_S21A,TARGET,DATA,SQL_PARSE
375,DAILY_RPT_PROD_UPLOAD_S21A,TARGET,DATA,SQL_PARSE
375,DAILY_RPT_PROD_UPLOAD_S21A_V,SOURCE,DATA,SQL_PARSE
376,DAILY_RPT_PROD_UPLOAD_S22,TARGET,DATA,SQL_PARSE
377,DAILY_RPT_PROD_UPLOAD_S22,TARGET,DATA,SQL_PARSE
377,DAILY_RPT_PROD_UPLOAD_S22_V,SOURCE,DATA,SQL_PARSE
378,SNAP_EXPIRED_CONTRACTS,TARGET,DATA,METADATA
378,SNAP_EXPIRED_CONTRACTS_V,SOURCE,DATA,METADATA
379,LKP_M_CAN_REASON,TARGET,DATA,SQL_PARSE
379,LKP_M_CAN_REASON,SOURCE,FILTER,SQL_PARSE
380,LKP_M_CAN_REASON,TARGET,DATA,SQL_PARSE
380,LKP_M_CAN_REASON,SOURCE,DATA,SQL_PARSE
380,LKP_M_CAN_REASON,SOURCE,FILTER,SQL_PARSE
381,LKP_M_PROD_TPP,TARGET,DATA,SQL_PARSE
381,LKP_M_PROD_TPP,SOURCE,FILTER,SQL_PARSE
382,LKP_M_PROD_TPP,TARGET,DATA,SQL_PARSE
382,LKP_M_PROD_TPP,SOURCE,DATA,SQL_PARSE
382,LKP_M_PROD_TPP,SOURCE,FILTER,SQL_PARSE
383,RPT_PROD_UPLOAD_SUMMARY,TARGET,DATA,METADATA
383,RPT_PROD_UPLOAD_SUMMARY_V,SOURCE,DATA,METADATA
384,SNAP_EXPIRED_PRODUCTS,TARGET,DATA,METADATA
384,SNAP_EXPIRED_PRODUCTS_V,SOURCE,DATA,METADATA
385,SEND EMAIL,TARGET,DATA,METADATA
385,PKG_ACCT_EMAIL.SEND_ACCT_EMAIL,CALL,DATA,SQL_PARSE
385,BOOKINGS TRANSACTION STATUS,SOURCE,DATA,METADATA
1001,TAXIS_STEP1_MON_BU_FC,TARGET,DATA,METADATA
1001,TAXIS_STEP1_MON_BU_FC_V,SOURCE,DATA,METADATA
1002,TAXIS_STEP1_MON_CORP_FC,TARGET,DATA,METADATA
1002,TAXIS_STEP1_MON_CORP_FC_V,SOURCE,DATA,METADATA
1003,TAXIS_STEP1_MON_FANDG_FC,TARGET,DATA,METADATA
1003,TAXIS_STEP1_MON_FANDG_FC_V,SOURCE,DATA,METADATA
1004,TAXIS_STEP2_BU_FANDG_DIFF,TARGET,DATA,METADATA
1004,TAXIS_STEP2_BU_FANDG_DIFF_V,SOURCE,DATA,METADATA
1005,TAXIS_STEP3_5MON_AVG_REV,TARGET,DATA,METADATA
1005,TAXIS_STEP3_5MON_AVG_REV_V,SOURCE,DATA,METADATA
1006,TAXIS_STEP4_FX_BOOST,TARGET,DATA,METADATA
1006,TAXIS_STEP4_FX_BOOST_V,SOURCE,DATA,METADATA
1007,TAXIS_STEP5_5MON_BOOST_REV,TARGET,DATA,METADATA
1007,TAXIS_STEP5_5MON_BOOST_REV_V,SOURCE,DATA,METADATA
1008,HYP_REV_PLAN_S1,TARGET,DATA,METADATA
1008,HYP_REV_PLAN_S1_V,SOURCE,DATA,METADATA
1009,HYP_REV_PLAN_S2,TARGET,DATA,METADATA
1009,HYP_REV_PLAN_S2_V,SOURCE,DATA,METADATA
1010,HYP_REV_PLAN_S3,TARGET,DATA,METADATA
1010,HYP_REV_PLAN_S3_V,SOURCE,DATA,METADATA
1011,HYP_REV_PLAN_S4,TARGET,DATA,METADATA
1011,HYP_REV_PLAN_S4_V,SOURCE,DATA,METADATA
1012,HYP_REV_PLAN_S5,TARGET,DATA,METADATA
1012,HYP_REV_PLAN_S5_V,SOURCE,DATA,METADATA
1013,SNAP_HYP_REV_PLAN,TARGET,DATA,METADATA
1013,HYP_REV_PLAN_S6_V,SOURCE,DATA,METADATA
10001,RPT_DAILY_LOAD_STATUS,TARGET,DATA,METADATA
10001,RPT_DAILY_LOAD_STATUS_V,SOURCE,DATA,METADATA
10002,STATUS EMAIL,TARGET,DATA,METADATA
10002,BOOKINGS.SEND_DAILY_LOAD_STATUS_EMAIL,CALL,DATA,SQL_PARSE
10002,RPT_DAILY_LOAD_STATUS,SOURCE,DATA,METADATA
10003,RPT_REP_GEN_STATUS,TARGET,DATA,METADATA
10003,RPT_REP_GEN_STATUS_V,SOURCE,DATA,METADATA
10004,STATUS EMAIL,TARGET,DATA,METADATA
10004,BOOKINGS.SEND_EOM_COMPARE_STATUS_EMAIL,CALL,DATA,SQL_PARSE
10004,RPT_REP_GEN_STATUS,SOURCE,DATA,METADATA
10005,RPT_XL_PULL_STATUS,TARGET,DATA,METADATA
10005,RPT_XL_PULL_STATUS_V,SOURCE,DATA,METADATA
10006,STATUS EMAIL,TARGET,DATA,METADATA
10006,BOOKINGS.SEND_XL_PULL_STATUS_EMAIL,CALL,DATA,SQL_PARSE
10006,RPT_XL_PULL_STATUS,SOURCE,DATA,METADATA
10007,RPT_COECUSTCON_STATUS,TARGET,DATA,METADATA
10007,RPT_COECUSTCON_STATUS_V,SOURCE,DATA,METADATA
10008,STATUS EMAIL,TARGET,DATA,METADATA
10008,BOOKINGS.SEND_COECUSTCON_STATUS_EMAIL,CALL,DATA,SQL_PARSE
10008,RPT_COECUSTCON_STATUS,SOURCE,DATA,METADATA
