JOB_NUM,DEPENDS_ON_JOB,VIA_OBJECT,READ_OBJECT,HOPS,DEP_TYPE,IS_LATEST_WRITER,SAME_GROUP
39,35,STG_SCD_CON_S5,STG_SCD_CON_S5,0,PRIOR_STEP,Y,Y
42,36,STG_SCD_CON_S6,STG_SCD_CON_S6,0,PRIOR_STEP,Y,Y
45,37,STG_SCD_CON_S7,STG_SCD_CON_S7,0,PRIOR_STEP,Y,Y
48,38,STG_SCD_CON_S8,STG_SCD_CON_S8,0,PRIOR_STEP,Y,Y
54,52,STG_SCD_CON_DTL_SPLIT_S2,STG_SCD_CON_DTL_SPLIT_S2,0,PRIOR_STEP,Y,Y
57,56,STG_CON_HDR_DUPL_S2,STG_CON_HDR_DUPL_S2,0,PRIOR_STEP,Y,Y
75,74,STG_SCD_OPPTY_S2,STG_SCD_OPPTY_S2,0,PRIOR_STEP,Y,Y
83,7,LKP_A_PULL_OPP_VAR,LKP_A_PULL_OPP_VAR,0,PRIOR_STEP,Y,N
121,120,STG_XCEPT_S3,STG_XCEPT_S3,0,PRIOR_STEP,Y,Y
124,6,LKP_A_PULL_VAR,LKP_A_PULL_VAR,0,PRIOR_STEP,Y,Y
124,250,LKP_A_PULL_VAR,LKP_A_PULL_VAR,0,PRIOR_CYCLE,N,N
262,263,LKP_M_CONTRACT_TYPE,LKP_M_CONTRACT_TYPE,0,PRIOR_CYCLE,N,Y
263,262,LKP_M_CONTRACT_TYPE,LKP_M_CONTRACT_TYPE,0,PRIOR_STEP,Y,Y
309,310,LKP_M_ON_PREM_PROD,LKP_M_ON_PREM_PROD,0,PRIOR_CYCLE,N,Y
310,309,LKP_M_ON_PREM_PROD,LKP_M_ON_PREM_PROD,0,PRIOR_STEP,Y,Y
379,380,LKP_M_CAN_REASON,LKP_M_CAN_REASON,0,PRIOR_CYCLE,N,Y
380,379,LKP_M_CAN_REASON,LKP_M_CAN_REASON,0,PRIOR_STEP,Y,Y
381,382,LKP_M_PROD_TPP,LKP_M_PROD_TPP,0,PRIOR_CYCLE,N,Y
382,381,LKP_M_PROD_TPP,LKP_M_PROD_TPP,0,PRIOR_STEP,Y,Y
10002,10001,RPT_DAILY_LOAD_STATUS,RPT_DAILY_LOAD_STATUS,0,PRIOR_STEP,Y,Y
10004,10003,RPT_REP_GEN_STATUS,RPT_REP_GEN_STATUS,0,PRIOR_STEP,Y,Y
10006,10005,RPT_XL_PULL_STATUS,RPT_XL_PULL_STATUS,0,PRIOR_STEP,Y,Y
10008,10007,RPT_COECUSTCON_STATUS,RPT_COECUSTCON_STATUS,0,PRIOR_STEP,Y,Y
