JOB_NUM,EXEC_SEQ,JOB_NAMES,TARGET_OBJECT,SOURCE_OBJECT,UNIQUE_COL,DISABLED_FLAG,IS_ACTIVE,CASE_TYPE,ACTION_TYPE,PARSE_STATUS,PARSE_MESSAGE,SQL_STMT
1,1,ALL|Daily Load|Reset Pull,LKP_M_MON_VAR,APP_LKP_M_MON_VAR_V,APPEND,,Y,A_STANDARD,LOAD_APPEND,N_A,,
2,2,ALL|Daily Load|Reset Pull,LKP_M_MON_VAR,SQL: CLEAR PULL MONTH OVERRIDE #1,,,Y,B_SQL,UPDATE,OK,,UPDATE LKP_M_MON_VAR SET CURR_MON_FLG=NULL
3,3,ALL|Daily Load|Reset Pull,LKP_M_MON_VAR_OVR,SQL: CLEAR PULL MONTH OVERRIDE #2,,,Y,B_SQL,DELETE,OK,,DELETE FROM LKP_M_MON_VAR_OVR
4,4,ALL|Daily Load|Reset Pull,LKP_M_MON_OPP_VAR,APP_LKP_M_MON_OPP_VAR_V,APPEND,,Y,A_STANDARD,LOAD_APPEND,N_A,,
5,5,ALL|Daily Load|Reset Pull,LKP_M_MON_OPP_VAR,SQL: CLEAR PULL MONTH OVERRIDE #1,,,Y,B_SQL,UPDATE,OK,,UPDATE LKP_M_MON_OPP_VAR SET CURR_MON_FLG=NULL
6,6,ALL|Daily Load|Reset Pull,LKP_A_PULL_VAR,LKP_A_PULL_VAR_V,,,Y,A_STANDARD,LOAD_REPLACE,N_A,,
7,7,ALL|Daily Load|Reset Pull,LKP_A_PULL_OPP_VAR,LKP_A_PULL_OPP_VAR_V,,,Y,A_STANDARD,LOAD_REPLACE,N_A,,
8,8,ALL|Daily Load|Reset Pull,LKP_M_MON_DTC_VAR,APP_LKP_M_MON_DTC_VAR_V,APPEND,,Y,A_STANDARD,LOAD_APPEND,N_A,,
9,9,ALL|Daily Load|Reset Pull,LKP_M_MON_DTC_VAR,SQL: CLEAR PULL MONTH OVERRIDE #1,,,Y,B_SQL,UPDATE,OK,,UPDATE LKP_M_MON_DTC_VAR SET CURR_MON_FLG=NULL
10,10,ALL|Daily Load|Reset Pull,LKP_A_PULL_DTC_VAR,LKP_A_PULL_DTC_VAR_V,,,Y,A_STANDARD,LOAD_REPLACE,N_A,,
11,11,ALL|Daily Load|Reset Pull,LKP_A_LTST_PROD,LKP_A_LTST_PROD_V,,,Y,A_STANDARD,LOAD_REPLACE,N_A,,
12,12,ALL|Daily Load|Reset Pull|EOM Compare,LKP_A_LTST_ACCT,LKP_A_LTST_ACCT_V,,,Y,A_STANDARD,LOAD_REPLACE,N_A,,
13,13,Custom Lines,SCD_CON_DTL_MANUAL,SCD_CON_DTL_MANUAL_TMP_V,APPEND,,Y,A_STANDARD,LOAD_APPEND,N_A,,
14,14,Custom Lines,SCD_CON_DTL_MANUAL_TMP,SQL: DELETE SCD_CON_DTL_MANUAL_TMP,,,Y,B_SQL,DELETE,OK,,DELETE FROM SCD_CON_DTL_MANUAL_TMP
15,15,ALL|Daily Load,LKP_M_BKG_USR,APP_LKP_M_BKG_USR_V,APPEND,,Y,A_STANDARD,LOAD_APPEND,N_A,,
16,16,ALL|Daily Load,LKP_M_BKG_USR,LKP_M_BKG_USR_INTERNAL_V,BOOKINGS_USER,,Y,A_STANDARD,LOAD_KEYED,N_A,,
17,17,ALL|Daily Load,STG_CON_OPPTY_LINK_S1,STG_CON_OPPTY_LINK_S1_V,,Y,N,,,,,
18,18,ALL|Daily Load,STG_CON_OPPTY_LINK_S2,STG_CON_OPPTY_LINK_S2_V,,Y,N,,,,,
19,19,ALL|Daily Load,STG_CON_OPPTY_LINK_S3,STG_CON_OPPTY_LINK_S3_V,,Y,N,,,,,
20,20,ALL|Daily Load,STG_CON_OPPTY_LINK_S4,STG_CON_OPPTY_LINK_S4_V,,Y,N,,,,,
21,21,ALL|Daily Load,STG_CON_OPPTY_LINK_S5,STG_CON_OPPTY_LINK_S5_V,,Y,N,,,,,
22,22,ALL|Daily Load,LKP_A_OPPTY_CON_LINK,LKP_A_OPPTY_CON_LINK_V,,,Y,A_STANDARD,LOAD_REPLACE,N_A,,
23,23,ALL|Daily Load,MRG_HDR_DTL,MRG_HDR_DTL_V,,,Y,A_STANDARD,LOAD_REPLACE,N_A,,
24,24,ALL|Daily Load,SNAP_MRG_HDR_DTL,APP_SNAP_MRG_HDR_DTL_V,APPEND,,Y,A_STANDARD,LOAD_APPEND,N_A,,
25,25,ALL|Daily Load,LKP_M_ERM_EMP_CURRENT,APP_SNAP_EMP_CURR_V,BKG_MON,,Y,A_STANDARD,LOAD_KEYED,N_A,,
26,26,ALL|Daily Load,STG_SCD_CON_S0A,STG_SCD_CON_S0A_V,,,Y,A_STANDARD,LOAD_REPLACE,N_A,,
27,27,ALL|Daily Load,STG_SCD_CON_S0B,STG_SCD_CON_S0B_V,,,Y,A_STANDARD,LOAD_REPLACE,N_A,,
28,28,ALL|Daily Load,STG_SCD_CON_S1,STG_SCD_CON_S1_V,,,Y,A_STANDARD,LOAD_REPLACE,N_A,,
29,29,ALL|Daily Load,STG_SCD_CON_S2,STG_SCD_CON_S2_V,,,Y,A_STANDARD,LOAD_REPLACE,N_A,,
30,30,ALL|Daily Load,STG_SCD_CON_S3,STG_SCD_CON_S3_V,,,Y,A_STANDARD,LOAD_REPLACE,N_A,,
31,31,ALL|Daily Load,STG_SCD_CON_S3_LKP1,STG_SCD_CON_S3_LKP1_V,,,Y,A_STANDARD,LOAD_REPLACE,N_A,,
32,32,ALL|Daily Load,STG_SCD_CON_S3_LKP2,STG_SCD_CON_S3_LKP2_V,,,Y,A_STANDARD,LOAD_REPLACE,N_A,,
33,33,ALL|Daily Load,STG_SCD_CON_S3_LKP3,STG_SCD_CON_S3_LKP3_V,,,Y,A_STANDARD,LOAD_REPLACE,N_A,,
34,34,ALL|Daily Load,STG_SCD_CON_S4,STG_SCD_CON_S4_V,,,Y,A_STANDARD,LOAD_REPLACE,N_A,,
35,35,ALL|Daily Load,STG_SCD_CON_S5,STG_SCD_CON_S5_V,,,Y,A_STANDARD,LOAD_REPLACE,N_A,,
36,36,ALL|Daily Load,STG_SCD_CON_S6,STG_SCD_CON_S6_V,,,Y,A_STANDARD,LOAD_REPLACE,N_A,,
37,37,ALL|Daily Load,STG_SCD_CON_S7,STG_SCD_CON_S7_V,,,Y,A_STANDARD,LOAD_REPLACE,N_A,,
38,38,ALL|Daily Load,STG_SCD_CON_S8,STG_SCD_CON_S8_V,,,Y,A_STANDARD,LOAD_REPLACE,N_A,,
39,39,ALL|Daily Load,SCD_CON_DTL,STG_SCD_CON_S5,,,Y,B_SQL,UPDATE,OK,,UPDATE SCD_CON_DTL c SET c.DTL_SNAP_END_DATE = (SELECT MAX(DTL_SNAP_DATE) FROM STG_SCD_CON_S5) WHERE c.DTL_SNAP_KEY IN (SELECT x.DTL_SNAP_KEY FROM STG_SCD_CON_S5 x WHERE x.DTL_SNAP_KEY IS NOT NULL)
40,40,ALL|Daily Load,SCD_CON_DTL,SQL: DELETE SCD DUPS,,Y,N,,,,,DELETE FROM SCD_CON_DTL WHERE DTL_SNAP_END_DATE = DTL_SNAP_START_DATE
41,41,ALL|Daily Load,SCD_CON_DTL,APP_SCD_CON_DTL_V,APPEND,,Y,A_STANDARD,LOAD_APPEND,N_A,,
42,42,ALL|Daily Load,SCD_CON_HDR,STG_SCD_CON_S6,,,Y,B_SQL,UPDATE,OK,,UPDATE SCD_CON_HDR v SET v.HDR_SNAP_END_DATE = (SELECT MAX(HDR_SNAP_DATE) FROM STG_SCD_CON_S6) WHERE v.HDR_SNAP_KEY IN (SELECT x.HDR_SNAP_KEY FROM STG_SCD_CON_S6 x WHERE x.HDR_SNAP_KEY IS NOT NULL)
43,43,ALL|Daily Load,SCD_CON_HDR,SQL: DELETE SCD DUPS,,Y,N,,,,,DELETE FROM SCD_CON_HDR WHERE HDR_SNAP_END_DATE = HDR_SNAP_START_DATE
44,44,ALL|Daily Load,SCD_CON_HDR,APP_SCD_CON_HDR_V,APPEND,,Y,A_STANDARD,LOAD_APPEND,N_A,,
45,45,ALL|Daily Load,SCD_CON_DTL_X,STG_SCD_CON_S7,,,Y,B_SQL,UPDATE,OK,,UPDATE SCD_CON_DTL_X c SET c.DTL_SNAP_END_DATE = (SELECT MAX(DTL_SNAP_DATE) FROM STG_SCD_CON_S7) WHERE c.DTL_SNAP_KEY IN (SELECT x.DTL_SNAP_KEY FROM STG_SCD_CON_S7 x WHERE x.DTL_SNAP_KEY IS NOT NULL)
46,46,ALL|Daily Load,SCD_CON_DTL_X,SQL: DELETE SCD DUPS,,Y,N,,,,,DELETE FROM SCD_CON_DTL_X WHERE DTL_SNAP_END_DATE = DTL_SNAP_START_DATE
47,47,ALL|Daily Load,SCD_CON_DTL_X,APP_SCD_CON_DTL_X_V,APPEND,,Y,A_STANDARD,LOAD_APPEND,N_A,,
48,48,ALL|Daily Load,SCD_CON_HDR_X,STG_SCD_CON_S8,,,Y,B_SQL,UPDATE,OK,,UPDATE SCD_CON_HDR_X v SET v.HDR_SNAP_END_DATE = (SELECT MAX(HDR_SNAP_DATE) FROM STG_SCD_CON_S8) WHERE v.HDR_SNAP_KEY IN (SELECT x.HDR_SNAP_KEY FROM STG_SCD_CON_S8 x WHERE x.HDR_SNAP_KEY IS NOT NULL)
49,49,ALL|Daily Load,SCD_CON_HDR_X,SQL: DELETE SCD DUPS,,Y,N,,,,,DELETE FROM SCD_CON_HDR_X WHERE HDR_SNAP_END_DATE = HDR_SNAP_START_DATE
50,50,ALL|Daily Load,SCD_CON_HDR_X,APP_SCD_CON_HDR_X_V,APPEND,,Y,A_STANDARD,LOAD_APPEND,N_A,,
51,51,ALL|Daily Load,STG_SCD_CON_DTL_SPLIT_S1,STG_SCD_CON_DTL_SPLIT_S1_V,,,Y,A_STANDARD,LOAD_REPLACE,N_A,,
52,52,ALL|Daily Load,STG_SCD_CON_DTL_SPLIT_S2,STG_SCD_CON_DTL_SPLIT_S2_V,,,Y,A_STANDARD,LOAD_REPLACE,N_A,,
53,53,ALL|Daily Load,SCD_CON_DTL,APP_SCD_CON_DTL_SPLIT_V,APPEND,,Y,A_STANDARD,LOAD_APPEND,N_A,,
54,54,ALL|Daily Load,SCD_CON_DTL,SQL: UPDATE PRIOR SPLIT ROWS,,,Y,B_SQL,UPDATE,OK,,UPDATE SCD_CON_DTL c SET c.DTL_SNAP_END_DATE = (SELECT distinct x.SNAP_END_DATE FROM STG_SCD_CON_DTL_SPLIT_S2 x WHERE c.DTL_SNAP_KEY = x.PRIOR_DTL_SNAP_KEY) WHERE c.DTL_SNAP_KEY in (select PRIOR_DTL_SNAP_KEY FROM STG_SCD_CON_DTL_SPLIT_S2)
55,55,ALL|Daily Load,STG_CON_HDR_DUPL_S1,STG_CON_HDR_DUPL_S1_V,,,Y,A_STANDARD,LOAD_REPLACE,N_A,,
56,56,ALL|Daily Load,STG_CON_HDR_DUPL_S2,STG_CON_HDR_DUPL_S2_V,,,Y,A_STANDARD,LOAD_REPLACE,N_A,,
57,57,ALL|Daily Load,SCD_CON_HDR_DUPL,STG_CON_HDR_DUPL_S2,,,Y,B_SQL,UPDATE,OK,,UPDATE SCD_CON_HDR_DUPL d SET d.DUPL_HDR_SNAP_END_DATE = (SELECT MAX(DUPL_HDR_SNAP_DATE) FROM STG_CON_HDR_DUPL_S2) WHERE d.DUPL_HDR_SNAP_KEY IN (SELECT x.DUPL_HDR_SNAP_KEY FROM STG_CON_HDR_DUPL_S2 x WHERE x.DUPL_HDR_SNAP_KEY IS NOT NULL)
58,58,ALL|Daily Load,SCD_CON_HDR_DUPL,APP_SCD_CON_HDR_DUPL_V,APPEND,,Y,A_STANDARD,LOAD_APPEND,N_A,,
59,59,ALL|Daily Load,SCD_CON_HDR_DUPL,SQL: DELETE SCD DUPS,,Y,N,,,,,DELETE FROM SCD_CON_HDR_DUPL WHERE DUPL_HDR_SNAP_START_DATE = DUPL_HDR_SNAP_END_DATE
60,60,ALL|Daily Load,XCP_MISSING_PRODUCTS,XCP_MISSING_PRODUCTS_V,,,Y,A_STANDARD,LOAD_REPLACE,N_A,,
61,61,ALL|Daily Load,XCP_MISSING_BILL_CUST,XCP_MISSING_BILL_CUST_V,,,Y,A_STANDARD,LOAD_REPLACE,N_A,,
62,62,ALL|Daily Load,XCP_MISSING_END_CUST,XCP_MISSING_END_CUST_V,,,Y,A_STANDARD,LOAD_REPLACE,N_A,,
63,63,ALL|Daily Load,XCP_MISSING_BILLING_TYPE,XCP_MISSING_BILLING_TYPE_V,,,Y,A_STANDARD,LOAD_REPLACE,N_A,,
64,64,ALL|Daily Load,LKP_A_MSTR_ACCT,APP_LKP_A_MSTR_ACCT_V,APPEND,,Y,A_STANDARD,LOAD_APPEND,N_A,,
65,65,ALL|Daily Load,LKP_A_ACCT_SCD_CON_DTL,LKP_A_ACCT_SCD_CON_DTL_V,,,Y,A_STANDARD,LOAD_REPLACE,N_A,,
66,66,ALL|Daily Load,SNAP_ERM_ACCT,APP_SNAP_ERM_ACCT_V,BKG_MON,,Y,A_STANDARD,LOAD_KEYED,N_A,,
67,67,ALL|Daily Load,STG_MRC_DTL_S1,STG_MRC_DTL_S1_V,,,Y,A_STANDARD,LOAD_REPLACE,N_A,,
68,68,ALL|Daily Load,STG_MRC_DTL_S2,STG_MRC_DTL_S2_V,,,Y,A_STANDARD,LOAD_REPLACE,N_A,,
69,69,ALL|Daily Load,STG_MRC_DTL_S3,STG_MRC_DTL_S3_V,,,Y,A_STANDARD,LOAD_REPLACE,N_A,,
70,70,ALL|Daily Load,STG_SCD_CON_DTL_OVR_MPC_S1,STG_SCD_CON_DTL_OVR_MPC_S1_V,,,Y,A_STANDARD,LOAD_REPLACE,N_A,,
71,71,ALL|Daily Load,SNAP_MRC_DTL,APP_MRC_DTL_V,BKG_MON,,Y,A_STANDARD,LOAD_KEYED,N_A,,
72,72,ALL|Daily Load,SCD_CON_DTL_OVR,APP_SCD_CON_DTL_OVR_MPC_V,APPEND,,Y,A_STANDARD,LOAD_APPEND,N_A,,
73,73,ALL|Daily Load,STG_SCD_OPPTY_S1,STG_SCD_OPPTY_S1_V,,,Y,A_STANDARD,LOAD_REPLACE,N_A,,
74,74,ALL|Daily Load,STG_SCD_OPPTY_S2,STG_SCD_OPPTY_S2_V,,,Y,A_STANDARD,LOAD_REPLACE,N_A,,
75,75,ALL|Daily Load|Daily List,SCD_OPPTY,STG_SCD_OPPTY_S2,,,Y,B_SQL,UPDATE,OK,,UPDATE SCD_OPPTY o SET o.OPPTY_SNAP_END_DATE = (SELECT MAX(OPPTY_SNAP_DATE) FROM STG_SCD_OPPTY_S2) WHERE o.OPPTY_SNAP_KEY IN (SELECT x.OPPTY_SNAP_KEY FROM STG_SCD_OPPTY_S2 x WHERE x.OPPTY_SNAP_KEY IS NOT NULL)
76,76,ALL|Daily Load|Daily List,SCD_OPPTY,APP_SCD_OPPTY_V,APPEND,,Y,A_STANDARD,LOAD_APPEND,N_A,,
77,77,ALL|Daily Load|Daily List,SCD_OPPTY,SQL: DELETE SCD DUPS,,Y,N,,,,,DELETE FROM SCD_OPPTY WHERE OPPTY_SNAP_START_DATE = OPPTY_SNAP_END_DATE
78,78,ALL|Excel Pull,LKP_A_PULL_VAR,LKP_A_PULL_VAR_V,,Y,N,,,,,
79,79,ALL|Excel Pull,LKP_A_PULL_OPP_VAR,LKP_A_PULL_OPP_VAR_V,,Y,N,,,,,
80,80,ALL|Excel Pull,LKP_A_PULL_DTC_VAR,LKP_A_PULL_DTC_VAR_V,,Y,N,,,,,
81,81,ALL|Excel Pull|EOM Snap,LKP_A_PULL_CON_SNAPDATE_OVR,LKP_A_PULL_CON_SNAPDATE_OVR_V,,,Y,A_STANDARD,LOAD_REPLACE,N_A,,
82,82,Excel Pull|EOM Compare,LKP_A_COE_CUST_ROLL,LKP_A_COE_CUST_ROLL_V,,,Y,A_STANDARD,LOAD_REPLACE,N_A,,
83,83,Excel Pull|Daily List|Snap Daily List|Opp Acct Assign,LKP_X_PULL_OPP_VAR,LKP_A_PULL_OPP_VAR,,,Y,A_STANDARD,LOAD_REPLACE,N_A,,
84,84,Excel Pull|Daily List|Snap Daily List,RPT_DAILY_LIST_0,RPT_DAILY_LIST_0_V,,Y,N,,,,,
85,85,Excel Pull|Daily List|Snap Daily List,RPT_DAILY_LIST_1A,RPT_DAILY_LIST_1A_V,,Y,N,,,,,
86,86,Excel Pull|Daily List|Snap Daily List,RPT_DAILY_LIST_1B,RPT_DAILY_LIST_1B_V,,Y,N,,,,,
87,87,Excel Pull|Daily List|Snap Daily List,RPT_DAILY_LIST_1C,RPT_DAILY_LIST_1C_V,,,Y,A_STANDARD,LOAD_REPLACE,N_A,,
88,88,Excel Pull|Daily List|Snap Daily List,RPT_DAILY_LIST,RPT_DAILY_LIST_V,,,Y,A_STANDARD,LOAD_REPLACE,N_A,,
89,89,ALL|Excel Pull|EOM Snap|Daily List,LKP_A_PULL_DAILY_LIST_ACCTS,LKP_A_PULL_DAILY_LIST_ACCTS_V,,,Y,A_STANDARD,LOAD_REPLACE,N_A,,
90,90,Snap Daily List|Excel Pull,SNAP_DAILY_LIST,APP_SNAP_DAILY_LIST_V,BOOKED_MONTH,,Y,A_STANDARD,LOAD_KEYED,N_A,,
91,91,ALL|Excel Pull,STG_DAILY_LIST_CON_OPPTY_S1,STG_DAILY_LIST_CON_OPPTY_S1_V,,,Y,A_STANDARD,LOAD_REPLACE,N_A,,
92,92,ALL|Excel Pull,STG_DAILY_LIST_CON_OPPTY_S2,STG_DAILY_LIST_CON_OPPTY_S2_V,,,Y,A_STANDARD,LOAD_REPLACE,N_A,,
93,93,ALL|Excel Pull,STG_DAILY_LIST_CON_OPPTY_S3,STG_DAILY_LIST_CON_OPPTY_S3_V,,,Y,A_STANDARD,LOAD_REPLACE,N_A,,
94,94,ALL|Excel Pull,STG_DAILY_LIST_CON_OPPTY_S4,STG_DAILY_LIST_CON_OPPTY_S4_V,,,Y,A_STANDARD,LOAD_REPLACE,N_A,,
95,95,ALL|Excel Pull,STG_DAILY_LIST_CON_OPPTY_S5,STG_DAILY_LIST_CON_OPPTY_S5_V,,,Y,A_STANDARD,LOAD_REPLACE,N_A,,
96,96,ALL|Excel Pull|EOM Snap,SCD_CON_DTL_OVR_PULL_LCK,SCD_CON_DTL_OVR_PULL_LCK_V,,,Y,A_STANDARD,LOAD_REPLACE,N_A,,
97,97,ALL|Excel Pull,STG_PULL_CON_COMPARE_S1,STG_PULL_CON_COMPARE_S1_V,,,Y,A_STANDARD,LOAD_REPLACE,N_A,,
98,98,ALL|Excel Pull,STG_PULL_CON_COMPARE_S2,STG_PULL_CON_COMPARE_S2_V,,,Y,A_STANDARD,LOAD_REPLACE,N_A,,
99,99,ALL|Excel Pull,STG_PULL_CON_COMPARE_S3,STG_PULL_CON_COMPARE_S3_V,,,Y,A_STANDARD,LOAD_REPLACE,N_A,,
100,100,ALL|Excel Pull,STG_PULL_CON_COMPARE_S4,STG_PULL_CON_COMPARE_S4_V,,,Y,A_STANDARD,LOAD_REPLACE,N_A,,
101,101,ALL|Excel Pull,STG_PULL_CON_COMPARE_S5,STG_PULL_CON_COMPARE_S5_V,,,Y,A_STANDARD,LOAD_REPLACE,N_A,,
102,102,ALL|Excel Pull,RPT_PULL_CON_COMPARE,RPT_PULL_CON_COMPARE_V,,,Y,A_STANDARD,LOAD_REPLACE,N_A,,
103,103,ALL|Excel Pull,SNAP_PULL_CON_COMPARE,APP_SNAP_PULL_CON_COMPARE_V,BKG_MON,,Y,A_STANDARD,LOAD_KEYED,N_A,,
104,104,ALL|Excel Pull,WEB_COMP_TCV_ACV_S0A,WEB_COMP_TCV_ACV_S0A_V,,,Y,A_STANDARD,LOAD_REPLACE,N_A,,
105,105,ALL|Excel Pull,WEB_COMP_TCV_ACV_S0B,WEB_COMP_TCV_ACV_S0B_V,,,Y,A_STANDARD,LOAD_REPLACE,N_A,,
106,106,ALL|Excel Pull,WEB_COMP_TCV_ACV_S1,WEB_COMP_TCV_ACV_S1_V,,,Y,A_STANDARD,LOAD_REPLACE,N_A,,
107,107,ALL|Excel Pull,WEB_COMP_TCV_ACV_S1A,WEB_COMP_TCV_ACV_S1A_V,,,Y,A_STANDARD,LOAD_REPLACE,N_A,,
108,108,ALL|Excel Pull,WEB_COMP_TCV_ACV_S1B,WEB_COMP_TCV_ACV_S1B_V,,,Y,A_STANDARD,LOAD_REPLACE,N_A,,
109,109,ALL|Excel Pull,WEB_COMP_TCV_ACV_S2,WEB_COMP_TCV_ACV_S2_V,,,Y,A_STANDARD,LOAD_REPLACE,N_A,,
110,110,ALL|Excel Pull,WEB_COMP_TCV_ACV_S2A,WEB_COMP_TCV_ACV_S2A_V,,,Y,A_STANDARD,LOAD_REPLACE,N_A,,
111,111,ALL|Excel Pull,WEB_COMP_TCV_ACV_S2B,WEB_COMP_TCV_ACV_S2B_V,,,Y,A_STANDARD,LOAD_REPLACE,N_A,,
112,112,ALL|Excel Pull,WEB_COMP_TCV_ACV_S3,WEB_COMP_TCV_ACV_S3_V,,,Y,A_STANDARD,LOAD_REPLACE,N_A,,
113,113,ALL|Excel Pull,WEB_COMP_TCV_ACV_S4,WEB_COMP_TCV_ACV_S4_V,,,Y,A_STANDARD,LOAD_REPLACE,N_A,,
114,114,ALL|Excel Pull,SNAP_TCV_ACV,WEB_COMP_TCV_ACV_S5_V,BKG_MON,,Y,A_STANDARD,LOAD_KEYED,N_A,,
115,115,ALL|Excel Pull,SNAP_TCV_ACV,WEB_COMP_TCV_ACV_S6_V,BKG_MON,Y,N,,,,,
116,116,ALL|Excel Pull,APX_PULL_CON_COMPARE,APX_PULL_CON_COMPARE_V,BKG_MON,,Y,A_STANDARD,LOAD_KEYED,N_A,,
117,117,ALL|Excel Pull,APX_PULL_CON_ACCT,APX_PULL_CON_ACCT_V,BKG_MON,,Y,A_STANDARD,LOAD_KEYED,N_A,,
118,118,ALL|Excel Pull|Xcept,STG_XCEPT_S1,STG_XCEPT_S1_V,,,Y,A_STANDARD,LOAD_REPLACE,N_A,,
119,119,ALL|Excel Pull|Xcept,STG_XCEPT_S2,STG_XCEPT_S2_V,,,Y,A_STANDARD,LOAD_REPLACE,N_A,,
120,120,ALL|Excel Pull|Xcept,STG_XCEPT_S3,STG_XCEPT_S3_V,,,Y,A_STANDARD,LOAD_REPLACE,N_A,,
121,121,ALL|Excel Pull|Xcept,SCD_XCEPT,STG_XCEPT_S3,,,Y,B_SQL,UPDATE,OK,,UPDATE SCD_XCEPT SET XCEPT_END_DATE = TRUNC(SYSDATE) WHERE XCEPT_END_DATE IS NULL AND XCEPT_ID NOT IN (SELECT XCEPT_ID FROM STG_XCEPT_S3 where xcept_id is not null)
122,122,ALL|Excel Pull|Xcept,SCD_XCEPT,APP_SCD_XCEPT_V,APPEND,,Y,A_STANDARD,LOAD_APPEND,N_A,,
123,123,ALL|EOM Snap,SNAP_BKG,APP_SNAP_BKG_V,BOOKED_MONTH,Y,N,,,,,
124,124,ALL|EOM Snap,SNAP_BKG,APP_SNAP_BKG_V,,,Y,B_SQL,DELETE,OK,,DELETE FROM SNAP_BKG WHERE BOOKED_MONTH IN (SELECT CURR_BKG_MON FROM LKP_A_PULL_VAR)
125,125,ALL|EOM Snap,SNAP_BKG,APP_SNAP_BKG_V,,,Y,B_SQL,INSERT_SELECT,OK,,INSERT INTO SNAP_BKG SELECT * FROM APP_SNAP_BKG_V
126,126,ALL|EOM Compare,LKP_A_ACCT_OWNER_OVR,LKP_A_ACCT_OWNER_OVR_V,,,Y,A_STANDARD,LOAD_REPLACE,N_A,,
127,127,ALL|EOM Compare,LKP_A_LTST_COE_CURR,LKP_A_LTST_COE_CURR_V,,,Y,A_STANDARD,LOAD_REPLACE,N_A,,
128,128,ALL|EOM Compare,WEB_COMP_TCV_ACV_S0A,WEB_COMP_TCV_ACV_S0A_V,,,Y,A_STANDARD,LOAD_REPLACE,N_A,,
129,129,ALL|EOM Compare,WEB_COMP_TCV_ACV_S0B,WEB_COMP_TCV_ACV_S0B_V,,,Y,A_STANDARD,LOAD_REPLACE,N_A,,
130,130,ALL|EOM Compare,WEB_COMP_TCV_ACV_S1,WEB_COMP_TCV_ACV_S1_V,,,Y,A_STANDARD,LOAD_REPLACE,N_A,,
131,131,ALL|EOM Compare,WEB_COMP_TCV_ACV_S1A,WEB_COMP_TCV_ACV_S1A_V,,,Y,A_STANDARD,LOAD_REPLACE,N_A,,
132,132,ALL|EOM Compare,WEB_COMP_TCV_ACV_S1B,WEB_COMP_TCV_ACV_S1B_V,,,Y,A_STANDARD,LOAD_REPLACE,N_A,,
133,133,ALL|EOM Compare,WEB_COMP_TCV_ACV_S2,WEB_COMP_TCV_ACV_S2_V,,,Y,A_STANDARD,LOAD_REPLACE,N_A,,
134,134,ALL|EOM Compare,WEB_COMP_TCV_ACV_S2A,WEB_COMP_TCV_ACV_S2A_V,,,Y,A_STANDARD,LOAD_REPLACE,N_A,,
135,135,ALL|EOM Compare,WEB_COMP_TCV_ACV_S2B,WEB_COMP_TCV_ACV_S2B_V,,,Y,A_STANDARD,LOAD_REPLACE,N_A,,
136,136,ALL|EOM Compare,WEB_COMP_TCV_ACV_S3,WEB_COMP_TCV_ACV_S3_V,,,Y,A_STANDARD,LOAD_REPLACE,N_A,,
137,137,ALL|EOM Compare,WEB_COMP_TCV_ACV_S4,WEB_COMP_TCV_ACV_S4_V,,,Y,A_STANDARD,LOAD_REPLACE,N_A,,
138,138,ALL|EOM Compare,SNAP_TCV_ACV,WEB_COMP_TCV_ACV_S5_V,BKG_MON,,Y,A_STANDARD,LOAD_KEYED,N_A,,
139,139,ALL|EOM Compare,SNAP_TCV_ACV,WEB_COMP_TCV_ACV_S6_V,BKG_MON,Y,N,,,,,
140,140,ALL|EOM Compare,STG_BKG_COMP_S0,STG_BKG_COMP_S0_V,,,Y,A_STANDARD,LOAD_REPLACE,N_A,,
141,141,ALL|EOM Compare,STG_BKG_COMP_S0_A,STG_BKG_COMP_S0_A_V,,,Y,A_STANDARD,LOAD_REPLACE,N_A,,
142,142,ALL|EOM Compare,STG_BKG_COMP_S1,STG_BKG_COMP_S1_V,,,Y,A_STANDARD,LOAD_REPLACE,N_A,,
143,143,ALL|EOM Compare,STG_BKG_COMP_S2,STG_BKG_COMP_S2_V,,,Y,A_STANDARD,LOAD_REPLACE,N_A,,
144,144,ALL|EOM Compare,STG_BKG_COMP_S3,STG_BKG_COMP_S3_V,,,Y,A_STANDARD,LOAD_REPLACE,N_A,,
145,145,ALL|EOM Compare,STG_BKG_COMP_S3A,STG_BKG_COMP_S3A_V,,,Y,A_STANDARD,LOAD_REPLACE,N_A,,
146,146,ALL|EOM Compare,STG_BKG_COMP_S3B,STG_BKG_COMP_S3B_V,,,Y,A_STANDARD,LOAD_REPLACE,N_A,,
147,147,ALL|EOM Compare,STG_BKG_COMP_S3C,STG_BKG_COMP_S3C_V,,,Y,A_STANDARD,LOAD_REPLACE,N_A,,
148,148,ALL|EOM Compare,STG_BKG_COMP_S3D,STG_BKG_COMP_S3D_V,,,Y,A_STANDARD,LOAD_REPLACE,N_A,,
149,149,ALL|EOM Compare,STG_BKG_COMP_S4,STG_BKG_COMP_S4_V,,,Y,A_STANDARD,LOAD_REPLACE,N_A,,
150,150,ALL|EOM Compare,STG_BKG_COMP_S4A,STG_BKG_COMP_S4A_V,,,Y,A_STANDARD,LOAD_REPLACE,N_A,,
151,151,ALL|EOM Compare,SNAP_BKG_COMPARE,APP_SNAP_BKG_COMPARE_V,BOOKED_MONTH,,Y,A_STANDARD,LOAD_KEYED,N_A,,
152,152,ALL|EOM Compare,STG_BKG_COMP_ATT_CALC_S1,STG_BKG_COMP_ATT_CALC_S1_V,,,Y,A_STANDARD,LOAD_REPLACE,N_A,,
153,153,ALL|EOM Compare,STG_BKG_COMP_ATT_CALC_S2,STG_BKG_COMP_ATT_CALC_S2_V,,,Y,A_STANDARD,LOAD_REPLACE,N_A,,
154,154,ALL|EOM Compare,SNAP_BKG_PROD_UNITCNT_CLNUP,SNAP_BKG_PROD_UNITCNT_CLNUP_V,,,Y,A_STANDARD,LOAD_REPLACE,N_A,,
155,155,ALL|EOM Compare,STG_BKG_ACCT_PROD_ROLL_S1,STG_BKG_ACCT_PROD_ROLL_S1_V,,,Y,A_STANDARD,LOAD_REPLACE,N_A,,
156,156,ALL|EOM Compare,SNAP_BKG_ACCT_PROD_ROLL,APP_SNAP_BKG_ACCT_PROD_ROLL_V,BOOKED_MONTH,,Y,A_STANDARD,LOAD_KEYED,N_A,,
157,157,ALL|EOM Compare,SNAP_BKG_ACCT_ROLL,APP_SNAP_BKG_ACCT_ROLL_V,BOOKED_MONTH,,Y,A_STANDARD,LOAD_KEYED,N_A,,
158,158,ALL|EOM Compare,STG_SNAP_BKG_YTD_DETAIL_S1,STG_SNAP_BKG_YTD_DETAIL_S1_V,,,Y,A_STANDARD,LOAD_REPLACE,N_A,,
159,159,ALL|EOM Compare,SNAP_BKG_YTD_DETAIL,APP_SNAP_BKG_YTD_DETAIL_V,BOOKED_MONTH,,Y,A_STANDARD,LOAD_KEYED,N_A,,
160,160,ALL|EOM Compare,SNAP_BKG_COMP_PROD_UPLOAD,APP_BKG_COMP_PROD_UPLOAD_V,BOOKED_MONTH,,Y,A_STANDARD,LOAD_KEYED,N_A,,
161,161,ALL|EOM Compare,SNAP_BKG_YTD_STERM,APP_SNAP_BKG_YTD_STERM_V,BOOKED_MONTH,,Y,A_STANDARD,LOAD_KEYED,N_A,,
162,162,ALL|EOM Compare|Swift Rep Gen,RPT_PROD_UPLOAD_0A,RPT_PROD_UPLOAD_0A_V,MONTH_ID,,Y,A_STANDARD,LOAD_KEYED,N_A,,
163,163,ALL|EOM Compare|Swift Rep Gen,RPT_PROD_UPLOAD_0B,RPT_PROD_UPLOAD_0B_V,MONTHID,,Y,A_STANDARD,LOAD_KEYED,N_A,,
164,164,ALL|EOM Compare|Swift Rep Gen,RPT_PROD_UPLOAD_0C,RPT_PROD_UPLOAD_0C_V,BKG_MON,,Y,A_STANDARD,LOAD_KEYED,N_A,,
165,165,ALL|EOM Compare|Swift Rep Gen,RPT_PROD_UPLOAD_0D,RPT_PROD_UPLOAD_0D_V,BKG_MON,,Y,A_STANDARD,LOAD_KEYED,N_A,,
166,166,ALL|EOM Compare|Swift Rep Gen,RPT_PROD_UPLOAD_0D_1,RPT_PROD_UPLOAD_0D_1_V,,,Y,A_STANDARD,LOAD_REPLACE,N_A,,
167,167,ALL|EOM Compare|Swift Rep Gen,RPT_PROD_UPLOAD_0E,RPT_PROD_UPLOAD_0E_V,,,Y,A_STANDARD,LOAD_REPLACE,N_A,,
168,168,ALL|EOM Compare|Swift Rep Gen,RPT_PROD_UPLOAD_0F,RPT_PROD_UPLOAD_0F_V,,,Y,A_STANDARD,LOAD_REPLACE,N_A,,
169,169,ALL|EOM Compare|Swift Rep Gen,RPT_PROD_UPLOAD_0H_1,RPT_PROD_UPLOAD_0H_1_V,,,Y,A_STANDARD,LOAD_REPLACE,N_A,,
170,170,ALL|EOM Compare|Swift Rep Gen,RPT_PROD_UPLOAD_0H_2,RPT_PROD_UPLOAD_0H_2_V,,,Y,A_STANDARD,LOAD_REPLACE,N_A,,
171,171,ALL|EOM Compare|Swift Rep Gen,RPT_PROD_UPLOAD_0H_3,RPT_PROD_UPLOAD_0H_3_V,,,Y,A_STANDARD,LOAD_REPLACE,N_A,,
172,172,ALL|EOM Compare|Swift Rep Gen,RPT_PROD_UPLOAD_1,RPT_PROD_UPLOAD_1_V,MONTH_ID,,Y,A_STANDARD,LOAD_KEYED,N_A,,
173,173,ALL|EOM Compare|Swift Rep Gen,RPT_PROD_UPLOAD_1A,RPT_PROD_UPLOAD_1A_V,MONTH_ID,,Y,A_STANDARD,LOAD_KEYED,N_A,,
174,174,ALL|EOM Compare|Swift Rep Gen,RPT_PROD_UPLOAD_2,RPT_PROD_UPLOAD_2_V,MONTH_ID,,Y,A_STANDARD,LOAD_KEYED,N_A,,
175,175,ALL|EOM Compare|Swift Rep Gen,RPT_PROD_NETTCV_S1_CONLENGTH,RPT_PROD_NETTCV_S1_CONLENGTH_V,,,Y,A_STANDARD,LOAD_REPLACE,N_A,,
176,176,ALL|EOM Compare|Swift Rep Gen,RPT_PROD_NETTCV_S2_MOST_RECENT_CON_EXT,RPT_PROD_NETTCV_S2_MOST_RECENT_CON_EXT_V,,,Y,A_STANDARD,LOAD_REPLACE,N_A,,
177,177,ALL|EOM Compare|Swift Rep Gen,RPT_PROD_NETTCV_S3_MOST_RECENT_OTHER,RPT_PROD_NETTCV_S3_MOST_RECENT_OTHER_V,,,Y,A_STANDARD,LOAD_REPLACE,N_A,,
178,178,ALL|EOM Compare|Swift Rep Gen,RPT_PROD_NETTCV_S4_BKG_W_REN,RPT_PROD_NETTCV_S4_BKG_W_REN_V,,,Y,A_STANDARD,LOAD_REPLACE,N_A,,
179,179,ALL|EOM Compare|Swift Rep Gen,RPT_PROD_NETTCV_S5_BKG_MOD,RPT_PROD_NETTCV_S5_BKG_MOD_V,,,Y,A_STANDARD,LOAD_REPLACE,N_A,,
180,180,ALL|EOM Compare|Swift Rep Gen,RPT_PROD_NETTCV_S6_DOM_BKG,RPT_PROD_NETTCV_S6_DOM_BKG_V,,,Y,A_STANDARD,LOAD_REPLACE,N_A,,
181,181,ALL|EOM Compare|Swift Rep Gen,RPT_PROD_UPLOAD_2A,RPT_PROD_UPLOAD_2A_V,,,Y,A_STANDARD,LOAD_REPLACE,N_A,,
182,182,ALL|EOM Compare|Swift Rep Gen,RPT_PROD_UPLOAD_3,RPT_PROD_UPLOAD_3_V,MONTH_ID,,Y,A_STANDARD,LOAD_KEYED,N_A,,
183,183,EMP DGRAT,LKP_A_EMP_DGRAT,LKP_A_EMP_DGRAT_V,,,Y,A_STANDARD,LOAD_REPLACE,N_A,,
184,184,Opp Acct Assign,LKP_A_PULL_OPP_VAR,LKP_A_PULL_OPP_VAR_V,,Y,N,,,,,
185,185,Opp Acct Assign,RPT_DAILY_LIST_1A,RPT_DAILY_LIST_1A_V,,Y,N,,,,,
186,186,Opp Acct Assign,RPT_DAILY_LIST_1B,RPT_DAILY_LIST_1B_V,,Y,N,,,,,
187,187,Opp Acct Assign,RPT_DAILY_LIST_1C,RPT_DAILY_LIST_1C_V,,,Y,A_STANDARD,LOAD_REPLACE,N_A,,
188,188,Opp Acct Assign,RPT_DAILY_LIST,RPT_DAILY_LIST_V,,,Y,A_STANDARD,LOAD_REPLACE,N_A,,
189,189,Opp Acct Assign,STG_OPP_USR_ASGN_S1,STG_OPP_USR_ASGN_S1_V,,,Y,A_STANDARD,LOAD_REPLACE,N_A,,
190,190,Opp Acct Assign,STG_OPP_USR_ASGN_S2,STG_OPP_USR_ASGN_S2_V,,,Y,A_STANDARD,LOAD_REPLACE,N_A,,
191,191,Opp Acct Assign,STG_OPP_USR_ASGN_S3,STG_OPP_USR_ASGN_S3_V,,,Y,A_STANDARD,LOAD_REPLACE,N_A,,
192,192,Opp Acct Assign,STG_OPP_USR_ASGN_S4,STG_OPP_USR_ASGN_S4_V,,,Y,A_STANDARD,LOAD_REPLACE,N_A,,
193,193,Opp Acct Assign,STG_OPP_USR_ASGN_S5,STG_OPP_USR_ASGN_S5_V,,,Y,A_STANDARD,LOAD_REPLACE,N_A,,
194,194,Opp Acct Assign,LKP_M_BKG_USR_NEW,STG_OPP_USR_ASGN_S6_V,APPEND,,Y,A_STANDARD,LOAD_APPEND,N_A,,
195,195,Opp Acct Assign,LKP_M_BKG_USR_XCP,STG_OPP_USR_ASGN_S6A_V,APPEND,,Y,A_STANDARD,LOAD_APPEND,N_A,,
196,196,Opp Acct Assign,LKP_M_BKG_USR_NEW,SQL: DELETE LKP_M_BKG_USR_NEW,,,Y,B_SQL,DELETE,OK,,DELETE FROM LKP_M_BKG_USR_NEW WHERE ROWID IN (SELECT ROW_VAL FROM STG_OPP_USR_ASGN_S6B_V)
197,197,Opp Acct Assign,LKP_M_BKG_USR,STG_OPP_USR_ASGN_S7_V,BKG_MON,,Y,A_STANDARD,LOAD_KEYED,N_A,,
198,198,COE Cust Con,RPT_BKG_CUST_CON,RPT_BKG_CUST_CON_V,PERIOD_ID,,Y,A_STANDARD,LOAD_KEYED,N_A,,
199,199,COE Cust Con,WEB_COMP_TCV_ACV_S1,WEB_COMP_TCV_ACV_S1_V,,,Y,A_STANDARD,LOAD_REPLACE,N_A,,
200,200,COE Cust Con,RPT_BKG_CUST_CON_S1,RPT_BKG_CUST_CON_S1_V,PERIOD_ID,,Y,A_STANDARD,LOAD_KEYED,N_A,,
201,201,COE Cust Con,RPT_BKG_CUST_CON_S2,RPT_BKG_CUST_CON_S2_V,PERIOD_ID,,Y,A_STANDARD,LOAD_KEYED,N_A,,
202,202,ALL|Con Deep Learn|Daily Load,STG_DL_PRICING_S1,STG_DL_PRICING_S1_V,,,Y,A_STANDARD,LOAD_REPLACE,N_A,,
203,203,ALL|Con Deep Learn|Daily Load,STG_DL_PRICING_S2,STG_DL_PRICING_S2_V,,,Y,A_STANDARD,LOAD_REPLACE,N_A,,
204,204,ALL|Con Deep Learn|Daily Load,STG_DL_PRICING_S3,STG_DL_PRICING_S3_V,,,Y,A_STANDARD,LOAD_REPLACE,N_A,,
205,205,ALL|Con Deep Learn|Daily Load,STG_DL_PRICING_S4,STG_DL_PRICING_S4_V,,,Y,A_STANDARD,LOAD_REPLACE,N_A,,
206,206,ALL|Con Deep Learn|Daily Load,STG_DL_REG_CURR_MISMATCH_S1,STG_DL_REG_CURR_MISMATCH_S1_V,,,Y,A_STANDARD,LOAD_REPLACE,N_A,,
207,207,ALL|Con Deep Learn|Daily Load,STG_DL_REG_CURR_MISMATCH_S2,STG_DL_REG_CURR_MISMATCH_S2_V,,,Y,A_STANDARD,LOAD_REPLACE,N_A,,
208,208,ALL|Con Deep Learn|Daily Load,STG_DL_REG_CURR_MISMATCH_S3,STG_DL_REG_CURR_MISMATCH_S3_V,,,Y,A_STANDARD,LOAD_REPLACE,N_A,,
209,209,ALL|Con Deep Learn|Daily Load,STG_DL_REG_CURR_MISMATCH_S4,STG_DL_REG_CURR_MISMATCH_S4_V,,,Y,A_STANDARD,LOAD_REPLACE,N_A,,
210,210,ALL|Con Deep Learn|Daily Load,STG_DL_REG_CURR_MISMATCH_HST,APP_DL_REG_CURR_MISMATCH_HST_V,APPEND,,Y,A_STANDARD,LOAD_APPEND,N_A,,
211,211,ALL|Con Deep Learn|Daily Load,STG_DL_DUP_CON_S1,STG_DL_DUP_CON_S1_V,,,Y,A_STANDARD,LOAD_REPLACE,N_A,,
212,212,ALL|Con Deep Learn|Daily Load,STG_DL_DUP_CON_S2,STG_DL_DUP_CON_S2_V,,,Y,A_STANDARD,LOAD_REPLACE,N_A,,
213,213,ALL|Con Deep Learn|Daily Load,STG_DL_DUP_DBLCNT_S1,STG_DL_DUP_DBLCNT_S1_V,,,Y,A_STANDARD,LOAD_REPLACE,N_A,,
214,214,ALL|Con Deep Learn|Daily Load,STG_DL_DUP_DBLCNT_S2,STG_DL_DUP_DBLCNT_S2_V,,,Y,A_STANDARD,LOAD_REPLACE,N_A,,
215,215,ALL|Con Deep Learn|Daily Load,STG_DL_MISC_DTL_S1,STG_DL_MISC_DTL_S1_V,,,Y,A_STANDARD,LOAD_REPLACE,N_A,,
216,216,ALL|Con Deep Learn|Daily Load,STG_DL_MISC_DTL_S2,STG_DL_MISC_DTL_S2_V,,,Y,A_STANDARD,LOAD_REPLACE,N_A,,
217,217,ALL|Con Deep Learn|Daily Load,STG_DL_MISC_HDR_S1,STG_DL_MISC_HDR_S1_V,,,Y,A_STANDARD,LOAD_REPLACE,N_A,,
218,218,ALL|Con Deep Learn|Daily Load,STG_DL_MISC_HDR_S2,STG_DL_MISC_HDR_S2_V,,,Y,A_STANDARD,LOAD_REPLACE,N_A,,
219,219,ALL|Con Deep Learn|Daily Load,STG_DL_CON_NONCOTERM_S1,STG_DL_CON_NONCOTERM_S1_V,,,Y,A_STANDARD,LOAD_REPLACE,N_A,,
220,220,ALL|Con Deep Learn|Daily Load,STG_DL_CON_NONCOTERM_S2,STG_DL_CON_NONCOTERM_S2_V,,,Y,A_STANDARD,LOAD_REPLACE,N_A,,
221,221,ALL|Con Deep Learn|Daily Load,STG_DL_ALIGN_S1,STG_DL_ALIGN_S1_V,,,Y,A_STANDARD,LOAD_REPLACE,N_A,,
222,222,ALL|Con Deep Learn|Daily Load,STG_DL_ALIGN_S2,STG_DL_ALIGN_S2_V,,,Y,A_STANDARD,LOAD_REPLACE,N_A,,
223,223,ALL|Con Deep Learn|Daily Load,STG_DL_WHOLESALE_REGS_S1,STG_DL_WHOLESALE_REGS_S1_V,,,Y,A_STANDARD,LOAD_REPLACE,N_A,,
224,224,ALL|Con Deep Learn|Daily Load,STG_DL_WHOLESALE_REGS_S2,STG_DL_WHOLESALE_REGS_S2_V,,,Y,A_STANDARD,LOAD_REPLACE,N_A,,
225,225,ALL|Con Deep Learn|Daily Load,STG_DL_INV_CHILD_CONS_S1,STG_DL_INV_CHILD_CONS_S1_V,,,Y,A_STANDARD,LOAD_REPLACE,N_A,,
226,226,ALL|Con Deep Learn|Daily Load,STG_DL_INV_CHILD_CONS_S2,STG_DL_INV_CHILD_CONS_S2_V,,,Y,A_STANDARD,LOAD_REPLACE,N_A,,
227,227,ALL|Con Deep Learn|Daily Load,STG_DL_INTERNAL_INV_S1,STG_DL_INTERNAL_INV_S1_V,,,Y,A_STANDARD,LOAD_REPLACE,N_A,,
228,228,ALL|Con Deep Learn|Daily Load,STG_DL_INTERNAL_INV_S2,STG_DL_INTERNAL_INV_S2_V,,,Y,A_STANDARD,LOAD_REPLACE,N_A,,
229,229,ALL|Con Deep Learn|Daily Load,STG_EMAIL_DL_S1,STG_EMAIL_DL_S1_V,,,Y,A_STANDARD,LOAD_REPLACE,N_A,,
230,230,ALL|Con Deep Learn|Daily Load,EMAILS,STG_EMAIL_DL_S1_V,,,Y,B_SQL,PLSQL_CALL,OK,,BEGIN CON_DL.SEND_CON_UPDATES; END;
231,231,ALL|Con Deep Learn|Daily Load,SNAP_DL_ALERTS,APP_SNAP_DL_ALERTS_V,ACTIVITY_DATE,,Y,A_STANDARD,LOAD_KEYED,N_A,,
232,232,ALL|EOM Compare|Swift Rep Gen,SNAP_BKG_COMP_EMP_UPLOAD,APP_BKG_COMP_EMP_UPLOAD_V,BOOKED_MONTH,,Y,A_STANDARD,LOAD_KEYED,N_A,,
233,233,ALL|EOM Compare,ACCOUNT_SOFT_S0,ACCOUNT_SOFT_S0_V,,,Y,A_STANDARD,LOAD_REPLACE,N_A,,
234,234,ALL|EOM Compare,ACCOUNT_SOFT_S1,ACCOUNT_SOFT_S1_V,,,Y,A_STANDARD,LOAD_REPLACE,N_A,,
235,235,ALL|EOM Compare,SNAP_BKG_YTD_SOFT_S1,ACCOUNT_SOFT_S2_V,BOOKED_MONTH,,Y,A_STANDARD,LOAD_KEYED,N_A,,
236,236,ALL|EOM Compare,ACCOUNT_SOFT_S3,ACCOUNT_SOFT_S3_V,MONTH_ID,,Y,A_STANDARD,LOAD_KEYED,N_A,,
237,237,ALL|EOM Compare,RPT_ACCOUNT_SOFT,RPT_ACCOUNT_SOFT_V,MONTH_ID,,Y,A_STANDARD,LOAD_KEYED,N_A,,
238,238,ALL|EOM Compare|Excel Pull,RPT_VARIANCE_S1,RPT_VARIANCE_S1_V,,,Y,A_STANDARD,LOAD_REPLACE,N_A,,
239,239,ALL|EOM Compare|Excel Pull,RPT_VARIANCE_S2,RPT_VARIANCE_S2_V,,,Y,A_STANDARD,LOAD_REPLACE,N_A,,
240,240,ALL|EOM Compare|Excel Pull,RPT_VARIANCE_S3,RPT_VARIANCE_S3_V,,,Y,A_STANDARD,LOAD_REPLACE,N_A,,
241,241,ALL|EOM Compare|Excel Pull,RPT_VARIANCE_S4,RPT_VARIANCE_S4_V,,,Y,A_STANDARD,LOAD_REPLACE,N_A,,
242,242,ALL|EOM Compare|Excel Pull,RPT_VARIANCE_S4,SQL: DELETE SNAP_VARIANCE,,Y,N,,,,,"DELETE FROM SNAP_VARIANCE WHERE (BKG_MON,ACCOUNT_ID,CURRENCY_CODE) IN (SELECT DISTINCT CURR_BKG_MON,ACCOUNT_ID,CURRENCY_CODE FROM RPT_VARIANCE_S4)"
243,243,ALL|EOM Compare|Excel Pull,RPT_VARIANCE_S5,RPT_VARIANCE_S5_V,,,Y,A_STANDARD,LOAD_REPLACE,N_A,,
244,244,ALL|EOM Compare|Excel Pull,SNAP_VARIANCE,APP_SNAP_VARIANCE_V,BKG_MON,,Y,A_STANDARD,LOAD_KEYED,N_A,,
245,245,EOM Compare,SNAP_BASELINE_COMPARE,SNAP_BASELINE_COMPARE_V,BKG_MON,,Y,A_STANDARD,LOAD_KEYED,N_A,,
246,246,EOM Compare,SNAP_DAILY_PROD_UPLOAD,SQL: DELETE SNAP_DAILY_PROD_UPLOAD,,Y,N,,,,,"DELETE FROM SNAP_DAILY_PROD_UPLOAD WHERE (MONTH_ID,SNAP_DATE) IN (SELECT DISTINCT MONTH_ID,SNAP_DATE FROM SNAP_DAILY_PROD_UPLOAD_V)"
247,247,EOM Compare,SNAP_DAILY_PROD_UPLOAD,SQL: INSERT INTO SNAP_DAILY_PROD_UPLOAD,,Y,N,,,,,INSERT INTO SNAP_DAILY_PROD_UPLOAD SELECT * FROM SNAP_DAILY_PROD_UPLOAD_V
248,248,EOM Compare,PEER_RV_ACV_MSTR,PEER_RV_ACV_MSTR_V,BKG_MON,,Y,A_STANDARD,LOAD_KEYED,N_A,,
249,249,EOM Compare,PEER_RV_MRR_MSTR,PEER_RV_MRR_MSTR_V,BKG_MON,,Y,A_STANDARD,LOAD_KEYED,N_A,,
250,250,Edge Report,LKP_A_PULL_VAR,LKP_A_PULL_VAR_V,,,Y,A_STANDARD,LOAD_REPLACE,N_A,,
251,251,Edge Report,STG_EDGE_S1,STG_EDGE_S1_V,,,Y,A_STANDARD,LOAD_REPLACE,N_A,,
252,252,Edge Report,STG_EDGE_S2,STG_EDGE_S2_V,,,Y,A_STANDARD,LOAD_REPLACE,N_A,,
253,253,Edge Report,STG_EDGE_S3,STG_EDGE_S3_V,,,Y,A_STANDARD,LOAD_REPLACE,N_A,,
254,254,Edge Report,STG_EDGE_S4,STG_EDGE_S4_V,,,Y,A_STANDARD,LOAD_REPLACE,N_A,,
255,255,Edge Report,STG_EDGE_S5,STG_EDGE_S5_V,,,Y,A_STANDARD,LOAD_REPLACE,N_A,,
256,256,Edge Report,STG_EDGE_S6,STG_EDGE_S6_V,,,Y,A_STANDARD,LOAD_REPLACE,N_A,,
257,257,Edge Report,STG_EDGE_S7,STG_EDGE_S7_V,,,Y,A_STANDARD,LOAD_REPLACE,N_A,,
258,258,Edge Report,STG_EDGE_S8,STG_EDGE_S8_V,PERIOD_ID,,Y,A_STANDARD,LOAD_KEYED,N_A,,
259,259,New Month,LKP_M_MON_VAR,APP_LKP_M_MON_VAR_OVR_V,APPEND,,Y,A_STANDARD,LOAD_APPEND,N_A,,
260,260,New Month,LKP_M_MON_OPP_VAR,APP_LKP_M_MON_OPP_VAR_OVR_V,APPEND,,Y,A_STANDARD,LOAD_APPEND,N_A,,
261,261,New Month,LKP_M_MON_DTC_VAR,APP_LKP_M_MON_DTC_VAR_OVR_V,APPEND,,Y,A_STANDARD,LOAD_APPEND,N_A,,
262,262,New Month,LKP_M_CONTRACT_TYPE,SQL: DELETE FROM LKP_M_CONTRACT_TYPE,,,Y,B_SQL,DELETE,OK,,"DELETE FROM LKP_M_CONTRACT_TYPE WHERE BKG_MON = (SELECT ADD_MONTHS(MAX(BKG_MON),1) FROM LKP_M_CONTRACT_TYPE)"
263,263,New Month,LKP_M_CONTRACT_TYPE,SQL: INSERT INTO LKP_M_CONTRACT_TYPE,,,Y,B_SQL,INSERT_SELECT,OK,,"INSERT INTO LKP_M_CONTRACT_TYPE SELECT ADD_MONTHS(BKG_MON,1), CONTRACT_TYPE, ACTIVE, CHANNEL_FLAG, SYSDATE AS CREATED_DATE, 'SYSADMIN' AS CREATED_BY, SYSDATE AS MODIFIED_DATE, 'SYSADMIN' AS MODIFIED_BY, NULL, REASON_CODE, NOTES FROM LKP_M_CONTRACT_TYPE WHERE BKG_MON = (SELECT MAX(BKG_MON) FROM LKP_M_CONTRACT_TYPE) AND DEL_FLAG IS NULL"
264,264,Refresh Alerts,XCP_RG_ACCT_CAN_C1,XCP_RG_ACCT_CAN_C1_V,,,Y,A_STANDARD,LOAD_REPLACE,N_A,,
265,265,Refresh Alerts,XCP_RG_CUSTOM_LINE_C1,XCP_RG_CUSTOM_LINE_C1_V,,,Y,A_STANDARD,LOAD_REPLACE,N_A,,
266,266,Refresh Alerts,XCP_RG_CUSTOM_LINE_C2,XCP_RG_CUSTOM_LINE_C2_V,,,Y,A_STANDARD,LOAD_REPLACE,N_A,,
267,267,Refresh Alerts,XCP_RG_OPP_C1,XCP_RG_OPP_C1_V,,,Y,A_STANDARD,LOAD_REPLACE,N_A,,
268,268,Refresh Alerts,XCP_CUSTOM_ALLOC,XCP_CUSTOM_ALLOC_V,,,Y,A_STANDARD,LOAD_REPLACE,N_A,,
269,269,Refresh Alerts,XCP_ACCT_MULTIPLE_USERS,XCP_ACCT_MULTIPLE_USERS_V,,,Y,A_STANDARD,LOAD_REPLACE,N_A,,
270,270,Refresh Alerts,XCP_ACCT_OPPTY_MISMATCH,XCP_ACCT_OPPTY_MISMATCH_V,,,Y,A_STANDARD,LOAD_REPLACE,N_A,,
271,271,Refresh Alerts,XCP_ACCT_BKGGRP_AMT_CHK,XCP_ACCT_BKGGRP_AMT_CHK_V,,,Y,A_STANDARD,LOAD_REPLACE,N_A,,
272,272,Refresh Alerts,XCP_INCORRECT_ACCT_ASSIGNMT,XCP_INCORRECT_ACCT_ASSIGNMT_V,,,Y,A_STANDARD,LOAD_REPLACE,N_A,,
273,273,Refresh Alerts,XCP_OPPTY_MUTLIPLE_ACCTS,XCP_OPPTY_MUTLIPLE_ACCTS_V,,,Y,A_STANDARD,LOAD_REPLACE,N_A,,
274,274,Refresh Alerts,XCP_OPPTY_MULTIPLE_OWNERS,XCP_OPPTY_MULTIPLE_OWNERS_V,,,Y,A_STANDARD,LOAD_REPLACE,N_A,,
275,275,Refresh Alerts,XCP_OPPTY_MULTIPLE_GRAZT,XCP_OPPTY_MULTIPLE_GRAZT_V,,,Y,A_STANDARD,LOAD_REPLACE,N_A,,
276,276,Refresh Alerts,XCP_OPPTY_PROD_UPLOAD,XCP_OPPTY_PROD_UPLOAD_V,,,Y,A_STANDARD,LOAD_REPLACE,N_A,,
277,277,Refresh Alerts,XCP_MISSING_CUSTOMERS_COE,XCP_MISSING_CUSTOMERS_COE_V,,,Y,A_STANDARD,LOAD_REPLACE,N_A,,
278,278,ALL|EOM Compare,RPT_BKG_RECON_S0,RPT_BKG_RECON_S0_V,,,Y,A_STANDARD,LOAD_REPLACE,N_A,,
279,279,ALL|EOM Compare,RPT_BKG_RECON_S1,RPT_BKG_RECON_S1_V,,,Y,A_STANDARD,LOAD_REPLACE,N_A,,
280,280,ALL|EOM Compare,RPT_BKG_RECON_S2,RPT_BKG_RECON_S2_V,,,Y,A_STANDARD,LOAD_REPLACE,N_A,,
281,281,ALL|EOM Compare,RPT_BKG_RECON_S3,RPT_BKG_RECON_S3_V,,,Y,A_STANDARD,LOAD_REPLACE,N_A,,
282,282,ALL|EOM Compare,RPT_BKG_RECON,RPT_BKG_RECONS_V,BKG_MON,,Y,A_STANDARD,LOAD_KEYED,N_A,,
283,283,ALL|EOM Compare,NC_AUDIT_PARENT,NC_AUDIT_PARENT_V,BKG_MON,,Y,A_STANDARD,LOAD_KEYED,N_A,,
284,284,New Month,LKP_M_RPT_MON_VAR,APP_LKP_M_RPT_MON_VAR_OVR_V,APPEND,,Y,A_STANDARD,LOAD_APPEND,N_A,,
285,285,Linode Rev Cust,LINODE_NC_S1,LINODE_NC_S1_V,CURR_BKG_MON,,Y,A_STANDARD,LOAD_KEYED,N_A,,
286,286,Linode Rev Cust,LINODE_NC_S2,LINODE_NC_S2_V,CURR_BKG_MON,,Y,A_STANDARD,LOAD_KEYED,N_A,,
287,287,Linode Rev Cust,LINODE_NC_S3,LINODE_NC_S3_V,MONTH_ID,,Y,A_STANDARD,LOAD_KEYED,N_A,,
288,288,Linode Rev Cust,LINODE_NC_S4,LINODE_NC_S4_V,,,Y,A_STANDARD,LOAD_REPLACE,N_A,,
289,289,Linode Rev Cust,LINODE_NC_S5,LINODE_NC_S5_V,PERIODID,,Y,A_STANDARD,LOAD_KEYED,N_A,,
290,290,Linode Rev Cust,LINODE_NC_S6,LINODE_NC_S6_V,PERIODID,,Y,A_STANDARD,LOAD_KEYED,N_A,,
291,291,Linode Rev Cust,LINODE_NC_S7,LINODE_NC_S7_V,MONTH_ID,,Y,A_STANDARD,LOAD_KEYED,N_A,,
292,292,Linode Rev Cust,LKP_M_COE_CUST_ROLL,SQL: DELETE FROM LKP_M_COE_CUST_ROLL,,Y,N,,,,,"DELETE FROM LKP_M_COE_CUST_ROLL WHERE PERIODID = (SELECT TO_CHAR(CURR_BKG_MON,'YYYYMM') FROM LKP_A_PULL_VAR)"
293,293,Linode Rev Cust,LKP_M_COE_CUST_ROLL,SQL: INSERT INTO LKP_M_COE_CUST_ROLL,,Y,N,,,,,INSERT INTO LKP_M_COE_CUST_ROLL SELECT * FROM LINODE_NC_S8_V
294,294,Linode Rev Cust,LKP_M_COE_CUST_ROLL,SQL: INSERT INTO LKP_M_COE_CUST_ROLL,,Y,N,,,,,INSERT INTO LKP_M_COE_CUST_ROLL SELECT * FROM LINODE_NC_S9_V
295,295,Linode Rev Cust,LKP_M_COE_CUST_ROLL,SQL: DELETE FROM LKP_M_COE_CUST_ROLL,,Y,N,,,,,"DELETE FROM LKP_M_COE_CUST_ROLL WHERE ENDCUSTOMERID IN (SELECT DISTINCT END_ACCOUNT_ID FROM LINODE_NC_S10_V) AND PERIODID = (SELECT TO_CHAR(CURR_BKG_MON,'YYYYMM') FROM LKP_A_PULL_VAR)"
296,296,Churn Review,CHURN_RPT_S1,CHURN_RPT_S1_V,,,Y,A_STANDARD,LOAD_REPLACE,N_A,,
297,297,Churn Review,CHURN_RPT_S2,CHURN_RPT_S2_V,,,Y,A_STANDARD,LOAD_REPLACE,N_A,,
298,298,Churn Review,CHURN_RPT_S3,CHURN_RPT_S3_V,,,Y,A_STANDARD,LOAD_REPLACE,N_A,,
299,299,Churn Review,CHURN_RPT_S4,CHURN_RPT_S4_V,,,Y,A_STANDARD,LOAD_REPLACE,N_A,,
300,300,Churn Review,CHURN_RPT_S5,CHURN_RPT_S5_V,,,Y,A_STANDARD,LOAD_REPLACE,N_A,,
301,301,Churn Review,CHURN_RPT_S6,CHURN_RPT_S6_V,,,Y,A_STANDARD,LOAD_REPLACE,N_A,,
302,302,Churn Review,CHURN_RPT_S7,CHURN_RPT_S7_V,,,Y,A_STANDARD,LOAD_REPLACE,N_A,,
303,303,Churn Review,CHURN_RPT_S8,CHURN_RPT_S8_V,,,Y,A_STANDARD,LOAD_REPLACE,N_A,,
304,304,Churn Review,CHURN_RPT_S9,CHURN_RPT_S9_V,,,Y,A_STANDARD,LOAD_REPLACE,N_A,,
305,305,Churn Review,CHURN_RPT_S10,CHURN_RPT_S10_V,,,Y,A_STANDARD,LOAD_REPLACE,N_A,,
306,306,Churn Review,CHURN_RPT_S11,CHURN_RPT_S11_V,BKG_MON,,Y,A_STANDARD,LOAD_KEYED,N_A,,
307,307,ALL|Daily Load|Act Tracker,RPT_OPPTY_PROG_STAT,SQL : DELETE FROM RPT_OPPTY_PROG_STAT WHERE SNAP_DATE = TRUNC(SYSDATE),,,Y,B_SQL,DELETE,OK,,DELETE FROM RPT_OPPTY_PROG_STAT WHERE SNAP_DATE = TRUNC(SYSDATE)
308,308,ALL|Daily Load|Act Tracker,RPT_OPPTY_PROG_STAT,RPT_OPPTY_PROG_STAT_V,APPEND,,Y,A_STANDARD,LOAD_APPEND,N_A,,
309,309,New Month,LKP_M_ON_PREM_PROD,SQL: DELETE FROM LKP_M_ON_PREM_PROD,,,Y,B_SQL,DELETE,OK,,"DELETE FROM LKP_M_ON_PREM_PROD WHERE BKG_MON = (SELECT ADD_MONTHS(MAX(BKG_MON),1) FROM LKP_M_ON_PREM_PROD)"
310,310,New Month,LKP_M_ON_PREM_PROD,SQL: INSERT INTO LKP_M_ON_PREM_PROD,,,Y,B_SQL,INSERT_SELECT,OK,,"INSERT INTO LKP_M_ON_PREM_PROD SELECT ADD_MONTHS(BKG_MON,1), MARKET_PROD_ID, REASON_CODE, NOTES, SYSDATE AS CREATED_DATE, 'SYSADMIN' AS CREATED_BY, SYSDATE AS MODIFIED_DATE, 'SYSADMIN' AS MODIFIED_BY, NULL FROM LKP_M_ON_PREM_PROD WHERE BKG_MON = (SELECT MAX(BKG_MON) FROM LKP_M_ON_PREM_PROD) AND DEL_FLG IS NULL"
311,311,EOM Compare,BOP_COMP_MSTR,BOP_COMP_MSTR_V,BKG_MON,Y,N,,,,,
312,312,ALL|New Year,RPT_CC_FX_COMBO,RPT_CC_FX_COMBO_V,YEAR,,Y,A_STANDARD,LOAD_KEYED,N_A,,
313,313,EOM Compare,BOP_COMP_MSTR,BOP_COMP_MSTR_V,BKG_MON,,Y,A_STANDARD,LOAD_KEYED,N_A,,
314,314,WD Snap,DAILY_RPT_PROD_UPLOAD_S00A,SQL : DELETE FROM DAILY_RPT_PROD_UPLOAD_S00A,,,Y,B_SQL,DELETE,OK,,DELETE FROM DAILY_RPT_PROD_UPLOAD_S00A
315,315,WD Snap,DAILY_RPT_PROD_UPLOAD_S00A,SQL : INSERT INTO DAILY_RPT_PROD_UPLOAD_S00A,,,Y,B_SQL,INSERT_SELECT,OK,,INSERT INTO DAILY_RPT_PROD_UPLOAD_S00A SELECT * FROM DAILY_RPT_PROD_UPLOAD_S00A_V
316,316,WD Snap,DAILY_RPT_PROD_UPLOAD_S00B,SQL : DELETE FROM DAILY_RPT_PROD_UPLOAD_S00B,,,Y,B_SQL,DELETE,OK,,DELETE FROM DAILY_RPT_PROD_UPLOAD_S00B
317,317,WD Snap,DAILY_RPT_PROD_UPLOAD_S00B,SQL : INSERT INTO DAILY_RPT_PROD_UPLOAD_S00B,,,Y,B_SQL,INSERT_SELECT,OK,,INSERT INTO DAILY_RPT_PROD_UPLOAD_S00B SELECT * FROM DAILY_RPT_PROD_UPLOAD_S00B_V
318,318,WD Snap,DAILY_RPT_PROD_UPLOAD_S0,SQL : DELETE FROM DAILY_RPT_PROD_UPLOAD_S0,,,Y,B_SQL,DELETE,OK,,DELETE FROM DAILY_RPT_PROD_UPLOAD_S0 WHERE MONTH_DATE = TRUNC(SYSDATE)
319,319,WD Snap,DAILY_RPT_PROD_UPLOAD_S0,SQL : INSERT INTO DAILY_RPT_PROD_UPLOAD_S0,,,Y,B_SQL,INSERT_SELECT,OK,,INSERT INTO DAILY_RPT_PROD_UPLOAD_S0 SELECT * FROM DAILY_RPT_PROD_UPLOAD_S0_V
320,320,WD Snap,DAILY_RPT_PROD_UPLOAD_S01,SQL : DELETE FROM DAILY_RPT_PROD_UPLOAD_S01,,,Y,B_SQL,DELETE,OK,,DELETE FROM DAILY_RPT_PROD_UPLOAD_S01
321,321,WD Snap,DAILY_RPT_PROD_UPLOAD_S01,SQL : INSERT INTO DAILY_RPT_PROD_UPLOAD_S01,,,Y,B_SQL,INSERT_SELECT,OK,,INSERT INTO DAILY_RPT_PROD_UPLOAD_S01 SELECT * FROM DAILY_RPT_PROD_UPLOAD_S01_V
322,322,WD Snap,DAILY_RPT_PROD_UPLOAD_S02,SQL : DELETE FROM DAILY_RPT_PROD_UPLOAD_S02,,,Y,B_SQL,DELETE,OK,,DELETE FROM DAILY_RPT_PROD_UPLOAD_S02
323,323,WD Snap,DAILY_RPT_PROD_UPLOAD_S02,SQL : INSERT INTO DAILY_RPT_PROD_UPLOAD_S02,,,Y,B_SQL,INSERT_SELECT,OK,,INSERT INTO DAILY_RPT_PROD_UPLOAD_S02 SELECT * FROM DAILY_RPT_PROD_UPLOAD_S02_V
324,324,WD Snap,DAILY_RPT_PROD_UPLOAD_S03,SQL : DELETE FROM DAILY_RPT_PROD_UPLOAD_S03,,,Y,B_SQL,DELETE,OK,,DELETE FROM DAILY_RPT_PROD_UPLOAD_S03
325,325,WD Snap,DAILY_RPT_PROD_UPLOAD_S03,SQL : INSERT INTO DAILY_RPT_PROD_UPLOAD_S03,,,Y,B_SQL,INSERT_SELECT,OK,,INSERT INTO DAILY_RPT_PROD_UPLOAD_S03 SELECT * FROM DAILY_RPT_PROD_UPLOAD_S03_V
326,326,WD Snap,DAILY_RPT_PROD_UPLOAD_S04,SQL : DELETE FROM DAILY_RPT_PROD_UPLOAD_S04,,,Y,B_SQL,DELETE,OK,,DELETE FROM DAILY_RPT_PROD_UPLOAD_S04
327,327,WD Snap,DAILY_RPT_PROD_UPLOAD_S04,SQL : INSERT INTO DAILY_RPT_PROD_UPLOAD_S04,,,Y,B_SQL,INSERT_SELECT,OK,,INSERT INTO DAILY_RPT_PROD_UPLOAD_S04 SELECT * FROM DAILY_RPT_PROD_UPLOAD_S04_V
328,328,WD Snap,DAILY_RPT_PROD_UPLOAD_S05,SQL : DELETE FROM DAILY_RPT_PROD_UPLOAD_S05,,,Y,B_SQL,DELETE,OK,,DELETE FROM DAILY_RPT_PROD_UPLOAD_S05
329,329,WD Snap,DAILY_RPT_PROD_UPLOAD_S05,SQL : INSERT INTO DAILY_RPT_PROD_UPLOAD_S05,,,Y,B_SQL,INSERT_SELECT,OK,,INSERT INTO DAILY_RPT_PROD_UPLOAD_S05 SELECT * FROM DAILY_RPT_PROD_UPLOAD_S05_V
330,330,WD Snap,DAILY_RPT_PROD_UPLOAD_S06,SQL : DELETE FROM DAILY_RPT_PROD_UPLOAD_S06,,,Y,B_SQL,DELETE,OK,,DELETE FROM DAILY_RPT_PROD_UPLOAD_S06
331,331,WD Snap,DAILY_RPT_PROD_UPLOAD_S06,SQL : INSERT INTO DAILY_RPT_PROD_UPLOAD_S06,,,Y,B_SQL,INSERT_SELECT,OK,,INSERT INTO DAILY_RPT_PROD_UPLOAD_S06 SELECT * FROM DAILY_RPT_PROD_UPLOAD_S06_V
332,332,WD Snap,DAILY_RPT_PROD_UPLOAD_S07,SQL : DELETE FROM DAILY_RPT_PROD_UPLOAD_S07,,,Y,B_SQL,DELETE,OK,,DELETE FROM DAILY_RPT_PROD_UPLOAD_S07
333,333,WD Snap,DAILY_RPT_PROD_UPLOAD_S07,SQL : INSERT INTO DAILY_RPT_PROD_UPLOAD_S07,,,Y,B_SQL,INSERT_SELECT,OK,,INSERT INTO DAILY_RPT_PROD_UPLOAD_S07 SELECT * FROM DAILY_RPT_PROD_UPLOAD_S07_V
334,334,WD Snap,DAILY_RPT_PROD_UPLOAD_S08,SQL : DELETE FROM DAILY_RPT_PROD_UPLOAD_S08,,,Y,B_SQL,DELETE,OK,,DELETE FROM DAILY_RPT_PROD_UPLOAD_S08
335,335,WD Snap,DAILY_RPT_PROD_UPLOAD_S08,SQL : INSERT INTO DAILY_RPT_PROD_UPLOAD_S08,,,Y,B_SQL,INSERT_SELECT,OK,,INSERT INTO DAILY_RPT_PROD_UPLOAD_S08 SELECT * FROM DAILY_RPT_PROD_UPLOAD_S08_V
336,336,WD Snap,DAILY_RPT_PROD_UPLOAD_S09,SQL : DELETE FROM DAILY_RPT_PROD_UPLOAD_S09,,,Y,B_SQL,DELETE,OK,,DELETE FROM DAILY_RPT_PROD_UPLOAD_S09
337,337,WD Snap,DAILY_RPT_PROD_UPLOAD_S09,SQL : INSERT INTO DAILY_RPT_PROD_UPLOAD_S09,,,Y,B_SQL,INSERT_SELECT,OK,,INSERT INTO DAILY_RPT_PROD_UPLOAD_S09 SELECT * FROM DAILY_RPT_PROD_UPLOAD_S09_V
338,338,WD Snap,DAILY_RPT_PROD_UPLOAD_S10,SQL : DELETE FROM DAILY_RPT_PROD_UPLOAD_S10,,,Y,B_SQL,DELETE,OK,,DELETE FROM DAILY_RPT_PROD_UPLOAD_S10 WHERE MONTH_DATE = TRUNC(SYSDATE)
339,339,WD Snap,DAILY_RPT_PROD_UPLOAD_S10,SQL : INSERT INTO DAILY_RPT_PROD_UPLOAD_S10,,,Y,B_SQL,INSERT_SELECT,OK,,INSERT INTO DAILY_RPT_PROD_UPLOAD_S10 SELECT * FROM DAILY_RPT_PROD_UPLOAD_S10_V
340,340,WD Snap,DAILY_RPT_PROD_UPLOAD_S11,SQL : DELETE FROM DAILY_RPT_PROD_UPLOAD_S11,,,Y,B_SQL,DELETE,OK,,DELETE FROM DAILY_RPT_PROD_UPLOAD_S11
341,341,WD Snap,DAILY_RPT_PROD_UPLOAD_S11,SQL : INSERT INTO DAILY_RPT_PROD_UPLOAD_S11,,,Y,B_SQL,INSERT_SELECT,OK,,INSERT INTO DAILY_RPT_PROD_UPLOAD_S11 SELECT * FROM DAILY_RPT_PROD_UPLOAD_S11_V
342,342,WD Snap,DAILY_RPT_PROD_UPLOAD_S12,SQL : DELETE FROM DAILY_RPT_PROD_UPLOAD_S12,,,Y,B_SQL,DELETE,OK,,DELETE FROM DAILY_RPT_PROD_UPLOAD_S12
343,343,WD Snap,DAILY_RPT_PROD_UPLOAD_S12,SQL : INSERT INTO DAILY_RPT_PROD_UPLOAD_S12,,,Y,B_SQL,INSERT_SELECT,OK,,INSERT INTO DAILY_RPT_PROD_UPLOAD_S12 SELECT * FROM DAILY_RPT_PROD_UPLOAD_S12_V
344,344,WD Snap,DAILY_RPT_PROD_UPLOAD_S13,SQL : DELETE FROM DAILY_RPT_PROD_UPLOAD_S13,,,Y,B_SQL,DELETE,OK,,DELETE FROM DAILY_RPT_PROD_UPLOAD_S13
345,345,WD Snap,DAILY_RPT_PROD_UPLOAD_S13,SQL : INSERT INTO DAILY_RPT_PROD_UPLOAD_S13,,,Y,B_SQL,INSERT_SELECT,OK,,INSERT INTO DAILY_RPT_PROD_UPLOAD_S13 SELECT * FROM DAILY_RPT_PROD_UPLOAD_S13_V
346,346,WD Snap,DAILY_RPT_PROD_UPLOAD_S14,SQL : DELETE FROM DAILY_RPT_PROD_UPLOAD_S14,,,Y,B_SQL,DELETE,OK,,DELETE FROM DAILY_RPT_PROD_UPLOAD_S14
347,347,WD Snap,DAILY_RPT_PROD_UPLOAD_S14,SQL : INSERT INTO DAILY_RPT_PROD_UPLOAD_S14,,,Y,B_SQL,INSERT_SELECT,OK,,INSERT INTO DAILY_RPT_PROD_UPLOAD_S14 SELECT * FROM DAILY_RPT_PROD_UPLOAD_S14_V
348,348,WD Snap,DAILY_RPT_PROD_UPLOAD_S15,SQL : DELETE FROM DAILY_RPT_PROD_UPLOAD_S15,,,Y,B_SQL,DELETE,OK,,DELETE FROM DAILY_RPT_PROD_UPLOAD_S15
349,349,WD Snap,DAILY_RPT_PROD_UPLOAD_S15,SQL : INSERT INTO DAILY_RPT_PROD_UPLOAD_S15,,,Y,B_SQL,INSERT_SELECT,OK,,INSERT INTO DAILY_RPT_PROD_UPLOAD_S15 SELECT * FROM DAILY_RPT_PROD_UPLOAD_S15_V
350,350,WD Snap,DAILY_RPT_PROD_UPLOAD_S16,SQL : DELETE FROM DAILY_RPT_PROD_UPLOAD_S16,,,Y,B_SQL,DELETE,OK,,DELETE FROM DAILY_RPT_PROD_UPLOAD_S16
351,351,WD Snap,DAILY_RPT_PROD_UPLOAD_S16,SQL : INSERT INTO DAILY_RPT_PROD_UPLOAD_S16,,,Y,B_SQL,INSERT_SELECT,OK,,INSERT INTO DAILY_RPT_PROD_UPLOAD_S16 SELECT * FROM DAILY_RPT_PROD_UPLOAD_S16_V
352,352,WD Snap,DAILY_RPT_PROD_UPLOAD_S17,SQL : DELETE FROM DAILY_RPT_PROD_UPLOAD_S17,,,Y,B_SQL,DELETE,OK,,DELETE FROM DAILY_RPT_PROD_UPLOAD_S17
353,353,WD Snap,DAILY_RPT_PROD_UPLOAD_S17,SQL : INSERT INTO DAILY_RPT_PROD_UPLOAD_S17,,,Y,B_SQL,INSERT_SELECT,OK,,INSERT INTO DAILY_RPT_PROD_UPLOAD_S17 SELECT * FROM DAILY_RPT_PROD_UPLOAD_S17_V
354,354,WD Snap,DAILY_RPT_PROD_UPLOAD_S18,SQL : DELETE FROM DAILY_RPT_PROD_UPLOAD_S18,,,Y,B_SQL,DELETE,OK,,DELETE FROM DAILY_RPT_PROD_UPLOAD_S18
355,355,WD Snap,DAILY_RPT_PROD_UPLOAD_S18,SQL : INSERT INTO DAILY_RPT_PROD_UPLOAD_S18,,,Y,B_SQL,INSERT_SELECT,OK,,INSERT INTO DAILY_RPT_PROD_UPLOAD_S18 SELECT * FROM DAILY_RPT_PROD_UPLOAD_S18_V
356,356,WD Snap,DAILY_RPT_PROD_UPLOAD_S19,SQL : DELETE FROM DAILY_RPT_PROD_UPLOAD_S19,,,Y,B_SQL,DELETE,OK,,DELETE FROM DAILY_RPT_PROD_UPLOAD_S19
357,357,WD Snap,DAILY_RPT_PROD_UPLOAD_S19,SQL : INSERT INTO DAILY_RPT_PROD_UPLOAD_S19,,,Y,B_SQL,INSERT_SELECT,OK,,INSERT INTO DAILY_RPT_PROD_UPLOAD_S19 SELECT * FROM DAILY_RPT_PROD_UPLOAD_S19_V
358,358,WD Snap,DAILY_RPT_PROD_UPLOAD_S20,SQL : DELETE FROM DAILY_RPT_PROD_UPLOAD_S20,,,Y,B_SQL,DELETE,OK,,DELETE FROM DAILY_RPT_PROD_UPLOAD_S20
359,359,WD Snap,DAILY_RPT_PROD_UPLOAD_S20,SQL : INSERT INTO DAILY_RPT_PROD_UPLOAD_S20,,,Y,B_SQL,INSERT_SELECT,OK,,INSERT INTO DAILY_RPT_PROD_UPLOAD_S20 SELECT * FROM DAILY_RPT_PROD_UPLOAD_S20_V
360,360,WD Snap,DAILY_RPT_PROD_UPLOAD_S21,SQL : DELETE FROM DAILY_RPT_PROD_UPLOAD_S21,,,Y,B_SQL,DELETE,OK,,DELETE FROM DAILY_RPT_PROD_UPLOAD_S21
361,361,WD Snap,DAILY_RPT_PROD_UPLOAD_S21,SQL : INSERT INTO DAILY_RPT_PROD_UPLOAD_S21,,,Y,B_SQL,INSERT_SELECT,OK,,INSERT INTO DAILY_RPT_PROD_UPLOAD_S21 SELECT * FROM DAILY_RPT_PROD_UPLOAD_S21_V
362,362,WD Snap,DAILY_RPT_PROD_NETTCV_S1_CONLENGTH,SQL : DELETE FROM DAILY_RPT_PROD_NETTCV_S1_CONLENGTH,,,Y,B_SQL,DELETE,OK,,DELETE FROM DAILY_RPT_PROD_NETTCV_S1_CONLENGTH
363,363,WD Snap,DAILY_RPT_PROD_NETTCV_S1_CONLENGTH,SQL : INSERT INTO DAILY_RPT_PROD_NETTCV_S1_CONLENGTH,,,Y,B_SQL,INSERT_SELECT,OK,,INSERT INTO DAILY_RPT_PROD_NETTCV_S1_CONLENGTH SELECT * FROM DAILY_RPT_PROD_NETTCV_S1_CONLENGTH_V
364,364,WD Snap,DAILY_RPT_PROD_NETTCV_S2_MOST_RECENT_CON_EXT,SQL : DELETE FROM DAILY_RPT_PROD_NETTCV_S2_MOST_RECENT_CON_EXT,,,Y,B_SQL,DELETE,OK,,DELETE FROM DAILY_RPT_PROD_NETTCV_S2_MOST_RECENT_CON_EXT
365,365,WD Snap,DAILY_RPT_PROD_NETTCV_S2_MOST_RECENT_CON_EXT,SQL : INSERT INTO DAILY_RPT_PROD_NETTCV_S2_MOST_RECENT_CON_EXT,,,Y,B_SQL,INSERT_SELECT,OK,,INSERT INTO DAILY_RPT_PROD_NETTCV_S2_MOST_RECENT_CON_EXT SELECT * FROM DAILY_RPT_PROD_NETTCV_S2_MOST_RECENT_CON_EXT_V
366,366,WD Snap,DAILY_RPT_PROD_NETTCV_S3_MOST_RECENT_OTHER,SQL : DELETE FROM DAILY_RPT_PROD_NETTCV_S3_MOST_RECENT_OTHER,,,Y,B_SQL,DELETE,OK,,DELETE FROM DAILY_RPT_PROD_NETTCV_S3_MOST_RECENT_OTHER
367,367,WD Snap,DAILY_RPT_PROD_NETTCV_S3_MOST_RECENT_OTHER,SQL : INSERT INTO DAILY_RPT_PROD_NETTCV_S3_MOST_RECENT_OTHER,,,Y,B_SQL,INSERT_SELECT,OK,,INSERT INTO DAILY_RPT_PROD_NETTCV_S3_MOST_RECENT_OTHER SELECT * FROM DAILY_RPT_PROD_NETTCV_S3_MOST_RECENT_OTHER_V
368,368,WD Snap,DAILY_RPT_PROD_NETTCV_S4_BKG_W_REN,SQL : DELETE FROM DAILY_RPT_PROD_NETTCV_S4_BKG_W_REN,,,Y,B_SQL,DELETE,OK,,DELETE FROM DAILY_RPT_PROD_NETTCV_S4_BKG_W_REN
369,369,WD Snap,DAILY_RPT_PROD_NETTCV_S4_BKG_W_REN,SQL : INSERT INTO DAILY_RPT_PROD_NETTCV_S4_BKG_W_REN,,,Y,B_SQL,INSERT_SELECT,OK,,INSERT INTO DAILY_RPT_PROD_NETTCV_S4_BKG_W_REN SELECT * FROM DAILY_RPT_PROD_NETTCV_S4_BKG_W_REN_V
370,370,WD Snap,DAILY_RPT_PROD_NETTCV_S5_BKG_MOD,SQL : DELETE FROM DAILY_RPT_PROD_NETTCV_S5_BKG_MOD,,,Y,B_SQL,DELETE,OK,,DELETE FROM DAILY_RPT_PROD_NETTCV_S5_BKG_MOD
371,371,WD Snap,DAILY_RPT_PROD_NETTCV_S5_BKG_MOD,SQL : INSERT INTO DAILY_RPT_PROD_NETTCV_S5_BKG_MOD,,,Y,B_SQL,INSERT_SELECT,OK,,INSERT INTO DAILY_RPT_PROD_NETTCV_S5_BKG_MOD SELECT * FROM DAILY_RPT_PROD_NETTCV_S5_BKG_MOD_V
372,372,WD Snap,DAILY_RPT_PROD_NETTCV_S6_DOM_BKG,SQL : DELETE FROM DAILY_RPT_PROD_NETTCV_S6_DOM_BKG,,,Y,B_SQL,DELETE,OK,,DELETE FROM DAILY_RPT_PROD_NETTCV_S6_DOM_BKG
373,373,WD Snap,DAILY_RPT_PROD_NETTCV_S6_DOM_BKG,SQL : INSERT INTO DAILY_RPT_PROD_NETTCV_S6_DOM_BKG,,,Y,B_SQL,INSERT_SELECT,OK,,INSERT INTO DAILY_RPT_PROD_NETTCV_S6_DOM_BKG SELECT * FROM DAILY_RPT_PROD_NETTCV_S6_DOM_BKG_V
374,374,WD Snap,DAILY_RPT_PROD_UPLOAD_S21A,SQL : INSERT INTO DAILY_RPT_PROD_UPLOAD_S21A,,,Y,B_SQL,DELETE,OK,,DELETE FROM DAILY_RPT_PROD_UPLOAD_S21A
375,375,WD Snap,DAILY_RPT_PROD_UPLOAD_S21A,SQL : INSERT INTO DAILY_RPT_PROD_UPLOAD_S21A,,,Y,B_SQL,INSERT_SELECT,OK,,INSERT INTO DAILY_RPT_PROD_UPLOAD_S21A SELECT * FROM DAILY_RPT_PROD_UPLOAD_S21A_V
376,376,WD Snap,DAILY_RPT_PROD_UPLOAD_S22,SQL : DELETE FROM DAILY_RPT_PROD_UPLOAD_S22,,,Y,B_SQL,DELETE,OK,,DELETE FROM DAILY_RPT_PROD_UPLOAD_S22 WHERE MONTH_DATE = TRUNC(SYSDATE)
377,377,WD Snap,DAILY_RPT_PROD_UPLOAD_S22,SQL : INSERT INTO DAILY_RPT_PROD_UPLOAD_S22,,,Y,B_SQL,INSERT_SELECT,OK,,INSERT INTO DAILY_RPT_PROD_UPLOAD_S22 SELECT * FROM DAILY_RPT_PROD_UPLOAD_S22_V
378,378,Expired Contracts,SNAP_EXPIRED_CONTRACTS,SNAP_EXPIRED_CONTRACTS_V,PERIOD_ID,,Y,A_STANDARD,LOAD_KEYED,N_A,,
379,379,New Month,LKP_M_CAN_REASON,SQL: DELETE FROM LKP_M_CAN_REASON,,,Y,B_SQL,DELETE,OK,,"DELETE FROM LKP_M_CAN_REASON WHERE BKG_MON = (select ADD_MONTHS(MAX(BKG_MON),1) from LKP_M_CAN_REASON)"
380,380,New Month,LKP_M_CAN_REASON,SQL: INSERT INTO LKP_M_CAN_REASON,,,Y,B_SQL,INSERT_SELECT,OK,,"INSERT INTO LKP_M_CAN_REASON SELECT ADD_MONTHS(BKG_MON,1), CANCELLATION_REASON_CODE,
'SYSADMIN' AS LAST_UPDATED_BY, SYSDATE AS LAST_UPDATED_DATE, 'SYSADMIN' AS CREATED_BY, SYSDATE AS CREATED_DATE, NULL 
FROM LKP_M_CAN_REASON WHERE BKG_MON = (SELECT MAX(BKG_MON) FROM LKP_M_CAN_REASON) AND DEL_FLG IS NULL"
381,381,New Month,LKP_M_PROD_TPP,SQL: DELETE FROM LKP_M_PROD_TPP,,,Y,B_SQL,DELETE,OK,,"DELETE FROM LKP_M_PROD_TPP WHERE MONTH_ID = (select TO_CHAR(ADD_MONTHS(TO_DATE(MAX(MONTH_ID), 'YYYYMM'), 1), 'YYYYMM') from LKP_M_PROD_TPP)"
382,382,New Month,LKP_M_PROD_TPP,SQL: INSERT INTO LKP_M_PROD_TPP,,,Y,B_SQL,INSERT_SELECT,OK,,"INSERT INTO LKP_M_PROD_TPP SELECT TO_CHAR(ADD_MONTHS(TO_DATE(MONTH_ID, 'YYYYMM'), 1), 'YYYYMM'), MARKETING_PROD_ID, MARKETING_PROD_NAME, PROD_GRP_ID, PROD_GRP_NAME, BKG_ACV_TCV_PERC, NOTES,
SYSDATE AS LAST_UPDATED_DATE, 'SYSADMIN' AS LAST_UPDATED_BY, SYSDATE AS CREATED_DATE, 'SYSADMIN' AS CREATED_BY, NULL 
FROM LKP_M_PROD_TPP WHERE MONTH_ID = (SELECT MAX(MONTH_ID) FROM LKP_M_PROD_TPP) AND DEL_FLG IS NULL"
383,383,ALL|EOM Compare|Swift Rep Gen,RPT_PROD_UPLOAD_SUMMARY,RPT_PROD_UPLOAD_SUMMARY_V,MONTH_ID,,Y,A_STANDARD,LOAD_KEYED,N_A,,
384,384,Expired Products,SNAP_EXPIRED_PRODUCTS,SNAP_EXPIRED_PRODUCTS_V,PERIOD_ID,,Y,A_STANDARD,LOAD_KEYED,N_A,,
385,385,ALL|EOM Compare,SEND EMAIL,BOOKINGS TRANSACTION STATUS,,,Y,B_SQL,PLSQL_CALL,OK,,BEGIN PKG_ACCT_EMAIL.SEND_ACCT_EMAIL; END;
1001,386,Taxis,TAXIS_STEP1_MON_BU_FC,TAXIS_STEP1_MON_BU_FC_V,,,Y,A_STANDARD,LOAD_REPLACE,N_A,,
1002,387,Taxis,TAXIS_STEP1_MON_CORP_FC,TAXIS_STEP1_MON_CORP_FC_V,,,Y,A_STANDARD,LOAD_REPLACE,N_A,,
1003,388,Taxis,TAXIS_STEP1_MON_FANDG_FC,TAXIS_STEP1_MON_FANDG_FC_V,,,Y,A_STANDARD,LOAD_REPLACE,N_A,,
1004,389,Taxis,TAXIS_STEP2_BU_FANDG_DIFF,TAXIS_STEP2_BU_FANDG_DIFF_V,,,Y,A_STANDARD,LOAD_REPLACE,N_A,,
1005,390,Taxis,TAXIS_STEP3_5MON_AVG_REV,TAXIS_STEP3_5MON_AVG_REV_V,,,Y,A_STANDARD,LOAD_REPLACE,N_A,,
1006,391,Taxis,TAXIS_STEP4_FX_BOOST,TAXIS_STEP4_FX_BOOST_V,,,Y,A_STANDARD,LOAD_REPLACE,N_A,,
1007,392,Taxis,TAXIS_STEP5_5MON_BOOST_REV,TAXIS_STEP5_5MON_BOOST_REV_V,,,Y,A_STANDARD,LOAD_REPLACE,N_A,,
1008,393,HYP REV PLN,HYP_REV_PLAN_S1,HYP_REV_PLAN_S1_V,,,Y,A_STANDARD,LOAD_REPLACE,N_A,,
1009,394,HYP REV PLN,HYP_REV_PLAN_S2,HYP_REV_PLAN_S2_V,,,Y,A_STANDARD,LOAD_REPLACE,N_A,,
1010,395,HYP REV PLN,HYP_REV_PLAN_S3,HYP_REV_PLAN_S3_V,,,Y,A_STANDARD,LOAD_REPLACE,N_A,,
1011,396,HYP REV PLN,HYP_REV_PLAN_S4,HYP_REV_PLAN_S4_V,,,Y,A_STANDARD,LOAD_REPLACE,N_A,,
1012,397,HYP REV PLN,HYP_REV_PLAN_S5,HYP_REV_PLAN_S5_V,,,Y,A_STANDARD,LOAD_REPLACE,N_A,,
1013,398,HYP REV PLN,SNAP_HYP_REV_PLAN,HYP_REV_PLAN_S6_V,BOOKED_MONTH,,Y,A_STANDARD,LOAD_KEYED,N_A,,
10001,399,Daily Load,RPT_DAILY_LOAD_STATUS,RPT_DAILY_LOAD_STATUS_V,,,Y,A_STANDARD,LOAD_REPLACE,N_A,,
10002,400,Daily Load,STATUS EMAIL,RPT_DAILY_LOAD_STATUS,,,Y,B_SQL,PLSQL_CALL,OK,,BEGIN BOOKINGS.SEND_DAILY_LOAD_STATUS_EMAIL; END;
10003,401,EOM Compare,RPT_REP_GEN_STATUS,RPT_REP_GEN_STATUS_V,,,Y,A_STANDARD,LOAD_REPLACE,N_A,,
10004,402,EOM Compare,STATUS EMAIL,RPT_REP_GEN_STATUS,,,Y,B_SQL,PLSQL_CALL,OK,,BEGIN BOOKINGS.SEND_EOM_COMPARE_STATUS_EMAIL; END;
10005,403,Excel Pull,RPT_XL_PULL_STATUS,RPT_XL_PULL_STATUS_V,,,Y,A_STANDARD,LOAD_REPLACE,N_A,,
10006,404,Excel Pull,STATUS EMAIL,RPT_XL_PULL_STATUS,,,Y,B_SQL,PLSQL_CALL,OK,,BEGIN BOOKINGS.SEND_XL_PULL_STATUS_EMAIL; END;
10007,405,COE Cust Con,RPT_COECUSTCON_STATUS,RPT_COECUSTCON_STATUS_V,,,Y,A_STANDARD,LOAD_REPLACE,N_A,,
10008,406,COE Cust Con,STATUS EMAIL,RPT_COECUSTCON_STATUS,,,Y,B_SQL,PLSQL_CALL,OK,,BEGIN BOOKINGS.SEND_COECUSTCON_STATUS_EMAIL; END;
