NODE_NAME,NODE_TYPE,TYPE_SOURCE,NODE_CLASS,JOB_NODE_CLASS,IN_DEGREE,OUT_DEGREE,JOB_IN_DEGREE,JOB_OUT_DEGREE,DAG_LEVEL,IN_CYCLE,WRITER_JOBS,READER_JOBS,FIRST_WRITER_JOB,LAST_WRITER_JOB
ACCOUNT_SOFT_S0,TABLE,HEURISTIC,TERMINAL,TERMINAL,1,0,1,0,1,N,1,0,233,233
ACCOUNT_SOFT_S0_V,VIEW,HEURISTIC,ROOT,ROOT,0,1,0,1,0,N,0,1,,
ACCOUNT_SOFT_S1,TABLE,HEURISTIC,TERMINAL,TERMINAL,1,0,1,0,1,N,1,0,234,234
ACCOUNT_SOFT_S1_V,VIEW,HEURISTIC,ROOT,ROOT,0,1,0,1,0,N,0,1,,
ACCOUNT_SOFT_S2_V,VIEW,HEURISTIC,ROOT,ROOT,0,1,0,1,0,N,0,1,,
ACCOUNT_SOFT_S3,TABLE,HEURISTIC,TERMINAL,TERMINAL,1,0,1,0,1,N,1,0,236,236
ACCOUNT_SOFT_S3_V,VIEW,HEURISTIC,ROOT,ROOT,0,1,0,1,0,N,0,1,,
APP_BKG_COMP_EMP_UPLOAD_V,VIEW,HEURISTIC,ROOT,ROOT,0,1,0,1,0,N,0,1,,
APP_BKG_COMP_PROD_UPLOAD_V,VIEW,HEURISTIC,ROOT,ROOT,0,1,0,1,0,N,0,1,,
APP_DL_REG_CURR_MISMATCH_HST_V,VIEW,HEURISTIC,ROOT,ROOT,0,1,0,1,0,N,0,1,,
APP_LKP_A_MSTR_ACCT_V,VIEW,HEURISTIC,ROOT,ROOT,0,1,0,1,0,N,0,1,,
APP_LKP_M_BKG_USR_V,VIEW,HEURISTIC,ROOT,ROOT,0,1,0,1,0,N,0,1,,
APP_LKP_M_MON_DTC_VAR_OVR_V,VIEW,HEURISTIC,ROOT,ROOT,0,1,0,1,0,N,0,1,,
APP_LKP_M_MON_DTC_VAR_V,VIEW,HEURISTIC,ROOT,ROOT,0,1,0,1,0,N,0,1,,
APP_LKP_M_MON_OPP_VAR_OVR_V,VIEW,HEURISTIC,ROOT,ROOT,0,1,0,1,0,N,0,1,,
APP_LKP_M_MON_OPP_VAR_V,VIEW,HEURISTIC,ROOT,ROOT,0,1,0,1,0,N,0,1,,
APP_LKP_M_MON_VAR_OVR_V,VIEW,HEURISTIC,ROOT,ROOT,0,1,0,1,0,N,0,1,,
APP_LKP_M_MON_VAR_V,VIEW,HEURISTIC,ROOT,ROOT,0,1,0,1,0,N,0,1,,
APP_LKP_M_RPT_MON_VAR_OVR_V,VIEW,HEURISTIC,ROOT,ROOT,0,1,0,1,0,N,0,1,,
APP_MRC_DTL_V,VIEW,HEURISTIC,ROOT,ROOT,0,1,0,1,0,N,0,1,,
APP_SCD_CON_DTL_OVR_MPC_V,VIEW,HEURISTIC,ROOT,ROOT,0,1,0,1,0,N,0,1,,
APP_SCD_CON_DTL_SPLIT_V,VIEW,HEURISTIC,ROOT,ROOT,0,1,0,1,0,N,0,1,,
APP_SCD_CON_DTL_V,VIEW,HEURISTIC,ROOT,ROOT,0,1,0,1,0,N,0,1,,
APP_SCD_CON_DTL_X_V,VIEW,HEURISTIC,ROOT,ROOT,0,1,0,1,0,N,0,1,,
APP_SCD_CON_HDR_DUPL_V,VIEW,HEURISTIC,ROOT,ROOT,0,1,0,1,0,N,0,1,,
APP_SCD_CON_HDR_V,VIEW,HEURISTIC,ROOT,ROOT,0,1,0,1,0,N,0,1,,
APP_SCD_CON_HDR_X_V,VIEW,HEURISTIC,ROOT,ROOT,0,1,0,1,0,N,0,1,,
APP_SCD_OPPTY_V,VIEW,HEURISTIC,ROOT,ROOT,0,1,0,1,0,N,0,1,,
APP_SCD_XCEPT_V,VIEW,HEURISTIC,ROOT,ROOT,0,1,0,1,0,N,0,1,,
APP_SNAP_BKG_ACCT_PROD_ROLL_V,VIEW,HEURISTIC,ROOT,ROOT,0,1,0,1,0,N,0,1,,
APP_SNAP_BKG_ACCT_ROLL_V,VIEW,HEURISTIC,ROOT,ROOT,0,1,0,1,0,N,0,1,,
APP_SNAP_BKG_COMPARE_V,VIEW,HEURISTIC,ROOT,ROOT,0,1,0,1,0,N,0,1,,
APP_SNAP_BKG_V,VIEW,HEURISTIC,ROOT,ROOT,0,1,0,1,0,N,0,1,,
APP_SNAP_BKG_YTD_DETAIL_V,VIEW,HEURISTIC,ROOT,ROOT,0,1,0,1,0,N,0,1,,
APP_SNAP_BKG_YTD_STERM_V,VIEW,HEURISTIC,ROOT,ROOT,0,1,0,1,0,N,0,1,,
APP_SNAP_DAILY_LIST_V,VIEW,HEURISTIC,ROOT,ROOT,0,1,0,1,0,N,0,1,,
APP_SNAP_DL_ALERTS_V,VIEW,HEURISTIC,ROOT,ROOT,0,1,0,1,0,N,0,1,,
APP_SNAP_EMP_CURR_V,VIEW,HEURISTIC,ROOT,ROOT,0,1,0,1,0,N,0,1,,
APP_SNAP_ERM_ACCT_V,VIEW,HEURISTIC,ROOT,ROOT,0,1,0,1,0,N,0,1,,
APP_SNAP_MRG_HDR_DTL_V,VIEW,HEURISTIC,ROOT,ROOT,0,1,0,1,0,N,0,1,,
APP_SNAP_PULL_CON_COMPARE_V,VIEW,HEURISTIC,ROOT,ROOT,0,1,0,1,0,N,0,1,,
APP_SNAP_VARIANCE_V,VIEW,HEURISTIC,ROOT,ROOT,0,1,0,1,0,N,0,1,,
APX_PULL_CON_ACCT,TABLE,HEURISTIC,TERMINAL,TERMINAL,1,0,1,0,1,N,1,0,117,117
APX_PULL_CON_ACCT_V,VIEW,HEURISTIC,ROOT,ROOT,0,1,0,1,0,N,0,1,,
APX_PULL_CON_COMPARE,TABLE,HEURISTIC,TERMINAL,TERMINAL,1,0,1,0,1,N,1,0,116,116
APX_PULL_CON_COMPARE_V,VIEW,HEURISTIC,ROOT,ROOT,0,1,0,1,0,N,0,1,,
BOOKINGS TRANSACTION STATUS,PSEUDO,HEURISTIC,ROOT,ROOT,0,1,0,1,0,N,0,1,,
BOOKINGS.SEND_COECUSTCON_STATUS_EMAIL,PROCEDURE,HEURISTIC,ROOT,ROOT,0,1,0,1,0,N,0,0,,
BOOKINGS.SEND_DAILY_LOAD_STATUS_EMAIL,PROCEDURE,HEURISTIC,ROOT,ROOT,0,1,0,1,0,N,0,0,,
BOOKINGS.SEND_EOM_COMPARE_STATUS_EMAIL,PROCEDURE,HEURISTIC,ROOT,ROOT,0,1,0,1,0,N,0,0,,
BOOKINGS.SEND_XL_PULL_STATUS_EMAIL,PROCEDURE,HEURISTIC,ROOT,ROOT,0,1,0,1,0,N,0,0,,
BOP_COMP_MSTR,TABLE,HEURISTIC,TERMINAL,TERMINAL,1,0,1,0,1,N,1,0,313,313
BOP_COMP_MSTR_V,VIEW,HEURISTIC,ROOT,ROOT,0,1,0,1,0,N,0,1,,
CHURN_RPT_S1,TABLE,HEURISTIC,TERMINAL,TERMINAL,1,0,1,0,1,N,1,0,296,296
CHURN_RPT_S10,TABLE,HEURISTIC,TERMINAL,TERMINAL,1,0,1,0,1,N,1,0,305,305
CHURN_RPT_S10_V,VIEW,HEURISTIC,ROOT,ROOT,0,1,0,1,0,N,0,1,,
CHURN_RPT_S11,TABLE,HEURISTIC,TERMINAL,TERMINAL,1,0,1,0,1,N,1,0,306,306
CHURN_RPT_S11_V,VIEW,HEURISTIC,ROOT,ROOT,0,1,0,1,0,N,0,1,,
CHURN_RPT_S1_V,VIEW,HEURISTIC,ROOT,ROOT,0,1,0,1,0,N,0,1,,
CHURN_RPT_S2,TABLE,HEURISTIC,TERMINAL,TERMINAL,1,0,1,0,1,N,1,0,297,297
CHURN_RPT_S2_V,VIEW,HEURISTIC,ROOT,ROOT,0,1,0,1,0,N,0,1,,
CHURN_RPT_S3,TABLE,HEURISTIC,TERMINAL,TERMINAL,1,0,1,0,1,N,1,0,298,298
CHURN_RPT_S3_V,VIEW,HEURISTIC,ROOT,ROOT,0,1,0,1,0,N,0,1,,
CHURN_RPT_S4,TABLE,HEURISTIC,TERMINAL,TERMINAL,1,0,1,0,1,N,1,0,299,299
CHURN_RPT_S4_V,VIEW,HEURISTIC,ROOT,ROOT,0,1,0,1,0,N,0,1,,
CHURN_RPT_S5,TABLE,HEURISTIC,TERMINAL,TERMINAL,1,0,1,0,1,N,1,0,300,300
CHURN_RPT_S5_V,VIEW,HEURISTIC,ROOT,ROOT,0,1,0,1,0,N,0,1,,
CHURN_RPT_S6,TABLE,HEURISTIC,TERMINAL,TERMINAL,1,0,1,0,1,N,1,0,301,301
CHURN_RPT_S6_V,VIEW,HEURISTIC,ROOT,ROOT,0,1,0,1,0,N,0,1,,
CHURN_RPT_S7,TABLE,HEURISTIC,TERMINAL,TERMINAL,1,0,1,0,1,N,1,0,302,302
CHURN_RPT_S7_V,VIEW,HEURISTIC,ROOT,ROOT,0,1,0,1,0,N,0,1,,
CHURN_RPT_S8,TABLE,HEURISTIC,TERMINAL,TERMINAL,1,0,1,0,1,N,1,0,303,303
CHURN_RPT_S8_V,VIEW,HEURISTIC,ROOT,ROOT,0,1,0,1,0,N,0,1,,
CHURN_RPT_S9,TABLE,HEURISTIC,TERMINAL,TERMINAL,1,0,1,0,1,N,1,0,304,304
CHURN_RPT_S9_V,VIEW,HEURISTIC,ROOT,ROOT,0,1,0,1,0,N,0,1,,
CON_DL.SEND_CON_UPDATES,PROCEDURE,HEURISTIC,ROOT,ROOT,0,1,0,1,0,N,0,0,,
DAILY_RPT_PROD_NETTCV_S1_CONLENGTH,TABLE,HEURISTIC,TERMINAL,TERMINAL,1,0,1,0,1,N,2,0,362,363
DAILY_RPT_PROD_NETTCV_S1_CONLENGTH_V,VIEW,HEURISTIC,ROOT,ROOT,0,1,0,1,0,N,0,1,,
DAILY_RPT_PROD_NETTCV_S2_MOST_RECENT_CON_EXT,TABLE,HEURISTIC,TERMINAL,TERMINAL,1,0,1,0,1,N,2,0,364,365
DAILY_RPT_PROD_NETTCV_S2_MOST_RECENT_CON_EXT_V,VIEW,HEURISTIC,ROOT,ROOT,0,1,0,1,0,N,0,1,,
DAILY_RPT_PROD_NETTCV_S3_MOST_RECENT_OTHER,TABLE,HEURISTIC,TERMINAL,TERMINAL,1,0,1,0,1,N,2,0,366,367
DAILY_RPT_PROD_NETTCV_S3_MOST_RECENT_OTHER_V,VIEW,HEURISTIC,ROOT,ROOT,0,1,0,1,0,N,0,1,,
DAILY_RPT_PROD_NETTCV_S4_BKG_W_REN,TABLE,HEURISTIC,TERMINAL,TERMINAL,1,0,1,0,1,N,2,0,368,369
DAILY_RPT_PROD_NETTCV_S4_BKG_W_REN_V,VIEW,HEURISTIC,ROOT,ROOT,0,1,0,1,0,N,0,1,,
DAILY_RPT_PROD_NETTCV_S5_BKG_MOD,TABLE,HEURISTIC,TERMINAL,TERMINAL,1,0,1,0,1,N,2,0,370,371
DAILY_RPT_PROD_NETTCV_S5_BKG_MOD_V,VIEW,HEURISTIC,ROOT,ROOT,0,1,0,1,0,N,0,1,,
DAILY_RPT_PROD_NETTCV_S6_DOM_BKG,TABLE,HEURISTIC,TERMINAL,TERMINAL,1,0,1,0,1,N,2,0,372,373
DAILY_RPT_PROD_NETTCV_S6_DOM_BKG_V,VIEW,HEURISTIC,ROOT,ROOT,0,1,0,1,0,N,0,1,,
DAILY_RPT_PROD_UPLOAD_S0,TABLE,HEURISTIC,TERMINAL,TERMINAL,1,0,1,0,1,N,2,0,318,319
DAILY_RPT_PROD_UPLOAD_S00A,TABLE,HEURISTIC,TERMINAL,TERMINAL,1,0,1,0,1,N,2,0,314,315
DAILY_RPT_PROD_UPLOAD_S00A_V,VIEW,HEURISTIC,ROOT,ROOT,0,1,0,1,0,N,0,1,,
DAILY_RPT_PROD_UPLOAD_S00B,TABLE,HEURISTIC,TERMINAL,TERMINAL,1,0,1,0,1,N,2,0,316,317
DAILY_RPT_PROD_UPLOAD_S00B_V,VIEW,HEURISTIC,ROOT,ROOT,0,1,0,1,0,N,0,1,,
DAILY_RPT_PROD_UPLOAD_S01,TABLE,HEURISTIC,TERMINAL,TERMINAL,1,0,1,0,1,N,2,0,320,321
DAILY_RPT_PROD_UPLOAD_S01_V,VIEW,HEURISTIC,ROOT,ROOT,0,1,0,1,0,N,0,1,,
DAILY_RPT_PROD_UPLOAD_S02,TABLE,HEURISTIC,TERMINAL,TERMINAL,1,0,1,0,1,N,2,0,322,323
DAILY_RPT_PROD_UPLOAD_S02_V,VIEW,HEURISTIC,ROOT,ROOT,0,1,0,1,0,N,0,1,,
DAILY_RPT_PROD_UPLOAD_S03,TABLE,HEURISTIC,TERMINAL,TERMINAL,1,0,1,0,1,N,2,0,324,325
DAILY_RPT_PROD_UPLOAD_S03_V,VIEW,HEURISTIC,ROOT,ROOT,0,1,0,1,0,N,0,1,,
DAILY_RPT_PROD_UPLOAD_S04,TABLE,HEURISTIC,TERMINAL,TERMINAL,1,0,1,0,1,N,2,0,326,327
DAILY_RPT_PROD_UPLOAD_S04_V,VIEW,HEURISTIC,ROOT,ROOT,0,1,0,1,0,N,0,1,,
DAILY_RPT_PROD_UPLOAD_S05,TABLE,HEURISTIC,TERMINAL,TERMINAL,1,0,1,0,1,N,2,0,328,329
DAILY_RPT_PROD_UPLOAD_S05_V,VIEW,HEURISTIC,ROOT,ROOT,0,1,0,1,0,N,0,1,,
DAILY_RPT_PROD_UPLOAD_S06,TABLE,HEURISTIC,TERMINAL,TERMINAL,1,0,1,0,1,N,2,0,330,331
DAILY_RPT_PROD_UPLOAD_S06_V,VIEW,HEURISTIC,ROOT,ROOT,0,1,0,1,0,N,0,1,,
DAILY_RPT_PROD_UPLOAD_S07,TABLE,HEURISTIC,TERMINAL,TERMINAL,1,0,1,0,1,N,2,0,332,333
DAILY_RPT_PROD_UPLOAD_S07_V,VIEW,HEURISTIC,ROOT,ROOT,0,1,0,1,0,N,0,1,,
DAILY_RPT_PROD_UPLOAD_S08,TABLE,HEURISTIC,TERMINAL,TERMINAL,1,0,1,0,1,N,2,0,334,335
DAILY_RPT_PROD_UPLOAD_S08_V,VIEW,HEURISTIC,ROOT,ROOT,0,1,0,1,0,N,0,1,,
DAILY_RPT_PROD_UPLOAD_S09,TABLE,HEURISTIC,TERMINAL,TERMINAL,1,0,1,0,1,N,2,0,336,337
DAILY_RPT_PROD_UPLOAD_S09_V,VIEW,HEURISTIC,ROOT,ROOT,0,1,0,1,0,N,0,1,,
DAILY_RPT_PROD_UPLOAD_S0_V,VIEW,HEURISTIC,ROOT,ROOT,0,1,0,1,0,N,0,1,,
DAILY_RPT_PROD_UPLOAD_S10,TABLE,HEURISTIC,TERMINAL,TERMINAL,1,0,1,0,1,N,2,0,338,339
DAILY_RPT_PROD_UPLOAD_S10_V,VIEW,HEURISTIC,ROOT,ROOT,0,1,0,1,0,N,0,1,,
DAILY_RPT_PROD_UPLOAD_S11,TABLE,HEURISTIC,TERMINAL,TERMINAL,1,0,1,0,1,N,2,0,340,341
DAILY_RPT_PROD_UPLOAD_S11_V,VIEW,HEURISTIC,ROOT,ROOT,0,1,0,1,0,N,0,1,,
DAILY_RPT_PROD_UPLOAD_S12,TABLE,HEURISTIC,TERMINAL,TERMINAL,1,0,1,0,1,N,2,0,342,343
DAILY_RPT_PROD_UPLOAD_S12_V,VIEW,HEURISTIC,ROOT,ROOT,0,1,0,1,0,N,0,1,,
DAILY_RPT_PROD_UPLOAD_S13,TABLE,HEURISTIC,TERMINAL,TERMINAL,1,0,1,0,1,N,2,0,344,345
DAILY_RPT_PROD_UPLOAD_S13_V,VIEW,HEURISTIC,ROOT,ROOT,0,1,0,1,0,N,0,1,,
DAILY_RPT_PROD_UPLOAD_S14,TABLE,HEURISTIC,TERMINAL,TERMINAL,1,0,1,0,1,N,2,0,346,347
DAILY_RPT_PROD_UPLOAD_S14_V,VIEW,HEURISTIC,ROOT,ROOT,0,1,0,1,0,N,0,1,,
DAILY_RPT_PROD_UPLOAD_S15,TABLE,HEURISTIC,TERMINAL,TERMINAL,1,0,1,0,1,N,2,0,348,349
DAILY_RPT_PROD_UPLOAD_S15_V,VIEW,HEURISTIC,ROOT,ROOT,0,1,0,1,0,N,0,1,,
DAILY_RPT_PROD_UPLOAD_S16,TABLE,HEURISTIC,TERMINAL,TERMINAL,1,0,1,0,1,N,2,0,350,351
DAILY_RPT_PROD_UPLOAD_S16_V,VIEW,HEURISTIC,ROOT,ROOT,0,1,0,1,0,N,0,1,,
DAILY_RPT_PROD_UPLOAD_S17,TABLE,HEURISTIC,TERMINAL,TERMINAL,1,0,1,0,1,N,2,0,352,353
DAILY_RPT_PROD_UPLOAD_S17_V,VIEW,HEURISTIC,ROOT,ROOT,0,1,0,1,0,N,0,1,,
DAILY_RPT_PROD_UPLOAD_S18,TABLE,HEURISTIC,TERMINAL,TERMINAL,1,0,1,0,1,N,2,0,354,355
DAILY_RPT_PROD_UPLOAD_S18_V,VIEW,HEURISTIC,ROOT,ROOT,0,1,0,1,0,N,0,1,,
DAILY_RPT_PROD_UPLOAD_S19,TABLE,HEURISTIC,TERMINAL,TERMINAL,1,0,1,0,1,N,2,0,356,357
DAILY_RPT_PROD_UPLOAD_S19_V,VIEW,HEURISTIC,ROOT,ROOT,0,1,0,1,0,N,0,1,,
DAILY_RPT_PROD_UPLOAD_S20,TABLE,HEURISTIC,TERMINAL,TERMINAL,1,0,1,0,1,N,2,0,358,359
DAILY_RPT_PROD_UPLOAD_S20_V,VIEW,HEURISTIC,ROOT,ROOT,0,1,0,1,0,N,0,1,,
DAILY_RPT_PROD_UPLOAD_S21,TABLE,HEURISTIC,TERMINAL,TERMINAL,1,0,1,0,1,N,2,0,360,361
DAILY_RPT_PROD_UPLOAD_S21A,TABLE,HEURISTIC,TERMINAL,TERMINAL,1,0,1,0,1,N,2,0,374,375
DAILY_RPT_PROD_UPLOAD_S21A_V,VIEW,HEURISTIC,ROOT,ROOT,0,1,0,1,0,N,0,1,,
DAILY_RPT_PROD_UPLOAD_S21_V,VIEW,HEURISTIC,ROOT,ROOT,0,1,0,1,0,N,0,1,,
DAILY_RPT_PROD_UPLOAD_S22,TABLE,HEURISTIC,TERMINAL,TERMINAL,1,0,1,0,1,N,2,0,376,377
DAILY_RPT_PROD_UPLOAD_S22_V,VIEW,HEURISTIC,ROOT,ROOT,0,1,0,1,0,N,0,1,,
EMAILS,TABLE,HEURISTIC,TERMINAL,TERMINAL,2,0,2,0,1,N,1,0,230,230
HYP_REV_PLAN_S1,TABLE,HEURISTIC,TERMINAL,TERMINAL,1,0,1,0,1,N,1,0,1008,1008
HYP_REV_PLAN_S1_V,VIEW,HEURISTIC,ROOT,ROOT,0,1,0,1,0,N,0,1,,
HYP_REV_PLAN_S2,TABLE,HEURISTIC,TERMINAL,TERMINAL,1,0,1,0,1,N,1,0,1009,1009
HYP_REV_PLAN_S2_V,VIEW,HEURISTIC,ROOT,ROOT,0,1,0,1,0,N,0,1,,
HYP_REV_PLAN_S3,TABLE,HEURISTIC,TERMINAL,TERMINAL,1,0,1,0,1,N,1,0,1010,1010
HYP_REV_PLAN_S3_V,VIEW,HEURISTIC,ROOT,ROOT,0,1,0,1,0,N,0,1,,
HYP_REV_PLAN_S4,TABLE,HEURISTIC,TERMINAL,TERMINAL,1,0,1,0,1,N,1,0,1011,1011
HYP_REV_PLAN_S4_V,VIEW,HEURISTIC,ROOT,ROOT,0,1,0,1,0,N,0,1,,
HYP_REV_PLAN_S5,TABLE,HEURISTIC,TERMINAL,TERMINAL,1,0,1,0,1,N,1,0,1012,1012
HYP_REV_PLAN_S5_V,VIEW,HEURISTIC,ROOT,ROOT,0,1,0,1,0,N,0,1,,
HYP_REV_PLAN_S6_V,VIEW,HEURISTIC,ROOT,ROOT,0,1,0,1,0,N,0,1,,
LINODE_NC_S1,TABLE,HEURISTIC,TERMINAL,TERMINAL,1,0,1,0,1,N,1,0,285,285
LINODE_NC_S1_V,VIEW,HEURISTIC,ROOT,ROOT,0,1,0,1,0,N,0,1,,
LINODE_NC_S2,TABLE,HEURISTIC,TERMINAL,TERMINAL,1,0,1,0,1,N,1,0,286,286
LINODE_NC_S2_V,VIEW,HEURISTIC,ROOT,ROOT,0,1,0,1,0,N,0,1,,
LINODE_NC_S3,TABLE,HEURISTIC,TERMINAL,TERMINAL,1,0,1,0,1,N,1,0,287,287
LINODE_NC_S3_V,VIEW,HEURISTIC,ROOT,ROOT,0,1,0,1,0,N,0,1,,
LINODE_NC_S4,TABLE,HEURISTIC,TERMINAL,TERMINAL,1,0,1,0,1,N,1,0,288,288
LINODE_NC_S4_V,VIEW,HEURISTIC,ROOT,ROOT,0,1,0,1,0,N,0,1,,
LINODE_NC_S5,TABLE,HEURISTIC,TERMINAL,TERMINAL,1,0,1,0,1,N,1,0,289,289
LINODE_NC_S5_V,VIEW,HEURISTIC,ROOT,ROOT,0,1,0,1,0,N,0,1,,
LINODE_NC_S6,TABLE,HEURISTIC,TERMINAL,TERMINAL,1,0,1,0,1,N,1,0,290,290
LINODE_NC_S6_V,VIEW,HEURISTIC,ROOT,ROOT,0,1,0,1,0,N,0,1,,
LINODE_NC_S7,TABLE,HEURISTIC,TERMINAL,TERMINAL,1,0,1,0,1,N,1,0,291,291
LINODE_NC_S7_V,VIEW,HEURISTIC,ROOT,ROOT,0,1,0,1,0,N,0,1,,
LKP_A_ACCT_OWNER_OVR,TABLE,HEURISTIC,TERMINAL,TERMINAL,1,0,1,0,1,N,1,0,126,126
LKP_A_ACCT_OWNER_OVR_V,VIEW,HEURISTIC,ROOT,ROOT,0,1,0,1,0,N,0,1,,
LKP_A_ACCT_SCD_CON_DTL,TABLE,HEURISTIC,TERMINAL,TERMINAL,1,0,1,0,1,N,1,0,65,65
LKP_A_ACCT_SCD_CON_DTL_V,VIEW,HEURISTIC,ROOT,ROOT,0,1,0,1,0,N,0,1,,
LKP_A_COE_CUST_ROLL,TABLE,HEURISTIC,TERMINAL,TERMINAL,1,0,1,0,1,N,1,0,82,82
LKP_A_COE_CUST_ROLL_V,VIEW,HEURISTIC,ROOT,ROOT,0,1,0,1,0,N,0,1,,
LKP_A_EMP_DGRAT,TABLE,HEURISTIC,TERMINAL,TERMINAL,1,0,1,0,1,N,1,0,183,183
LKP_A_EMP_DGRAT_V,VIEW,HEURISTIC,ROOT,ROOT,0,1,0,1,0,N,0,1,,
LKP_A_LTST_ACCT,TABLE,HEURISTIC,TERMINAL,TERMINAL,1,0,1,0,1,N,1,0,12,12
LKP_A_LTST_ACCT_V,VIEW,HEURISTIC,ROOT,ROOT,0,1,0,1,0,N,0,1,,
LKP_A_LTST_COE_CURR,TABLE,HEURISTIC,TERMINAL,TERMINAL,1,0,1,0,1,N,1,0,127,127
LKP_A_LTST_COE_CURR_V,VIEW,HEURISTIC,ROOT,ROOT,0,1,0,1,0,N,0,1,,
LKP_A_LTST_PROD,TABLE,HEURISTIC,TERMINAL,TERMINAL,1,0,1,0,1,N,1,0,11,11
LKP_A_LTST_PROD_V,VIEW,HEURISTIC,ROOT,ROOT,0,1,0,1,0,N,0,1,,
LKP_A_MSTR_ACCT,TABLE,HEURISTIC,TERMINAL,TERMINAL,1,0,1,0,1,N,1,0,64,64
LKP_A_OPPTY_CON_LINK,TABLE,HEURISTIC,TERMINAL,TERMINAL,1,0,1,0,1,N,1,0,22,22
LKP_A_OPPTY_CON_LINK_V,VIEW,HEURISTIC,ROOT,ROOT,0,1,0,1,0,N,0,1,,
LKP_A_PULL_CON_SNAPDATE_OVR,TABLE,HEURISTIC,TERMINAL,TERMINAL,1,0,1,0,1,N,1,0,81,81
LKP_A_PULL_CON_SNAPDATE_OVR_V,VIEW,HEURISTIC,ROOT,ROOT,0,1,0,1,0,N,0,1,,
LKP_A_PULL_DAILY_LIST_ACCTS,TABLE,HEURISTIC,TERMINAL,TERMINAL,1,0,1,0,1,N,1,0,89,89
LKP_A_PULL_DAILY_LIST_ACCTS_V,VIEW,HEURISTIC,ROOT,ROOT,0,1,0,1,0,N,0,1,,
LKP_A_PULL_DTC_VAR,TABLE,HEURISTIC,TERMINAL,TERMINAL,1,0,1,0,1,N,1,0,10,10
LKP_A_PULL_DTC_VAR_V,VIEW,HEURISTIC,ROOT,ROOT,0,1,0,1,0,N,0,1,,
LKP_A_PULL_OPP_VAR,TABLE,HEURISTIC,INTERMEDIATE,INTERMEDIATE,1,1,1,1,1,N,1,1,7,7
LKP_A_PULL_OPP_VAR_V,VIEW,HEURISTIC,ROOT,ROOT,0,1,0,1,0,N,0,1,,
LKP_A_PULL_VAR,TABLE,HEURISTIC,INTERMEDIATE,INTERMEDIATE,1,1,1,1,1,N,2,1,6,250
LKP_A_PULL_VAR_V,VIEW,HEURISTIC,ROOT,ROOT,0,1,0,1,0,N,0,2,,
LKP_M_BKG_USR,TABLE,HEURISTIC,TERMINAL,TERMINAL,3,0,3,0,1,N,3,0,15,197
LKP_M_BKG_USR_INTERNAL_V,VIEW,HEURISTIC,ROOT,ROOT,0,1,0,1,0,N,0,1,,
LKP_M_BKG_USR_NEW,TABLE,HEURISTIC,TERMINAL,TERMINAL,2,0,2,0,1,N,2,0,194,196
LKP_M_BKG_USR_XCP,TABLE,HEURISTIC,TERMINAL,TERMINAL,1,0,1,0,1,N,1,0,195,195
LKP_M_CAN_REASON,TABLE,HEURISTIC,ISOLATED,ISOLATED,0,0,0,0,0,N,2,2,379,380
LKP_M_CONTRACT_TYPE,TABLE,HEURISTIC,ISOLATED,ISOLATED,0,0,0,0,0,N,2,2,262,263
LKP_M_ERM_EMP_CURRENT,TABLE,HEURISTIC,TERMINAL,TERMINAL,1,0,1,0,1,N,1,0,25,25
LKP_M_MON_DTC_VAR,TABLE,HEURISTIC,TERMINAL,TERMINAL,2,0,2,0,1,N,3,0,8,261
LKP_M_MON_OPP_VAR,TABLE,HEURISTIC,TERMINAL,TERMINAL,2,0,2,0,1,N,3,0,4,260
LKP_M_MON_VAR,TABLE,HEURISTIC,TERMINAL,TERMINAL,2,0,2,0,1,N,3,0,1,259
LKP_M_MON_VAR_OVR,TABLE,HEURISTIC,ISOLATED,ISOLATED,0,0,0,0,0,N,1,0,3,3
LKP_M_ON_PREM_PROD,TABLE,HEURISTIC,ISOLATED,ISOLATED,0,0,0,0,0,N,2,2,309,310
LKP_M_PROD_TPP,TABLE,HEURISTIC,ISOLATED,ISOLATED,0,0,0,0,0,N,2,2,381,382
LKP_M_RPT_MON_VAR,TABLE,HEURISTIC,TERMINAL,TERMINAL,1,0,1,0,1,N,1,0,284,284
LKP_X_PULL_OPP_VAR,TABLE,HEURISTIC,TERMINAL,TERMINAL,1,0,1,0,2,N,1,0,83,83
MRG_HDR_DTL,TABLE,HEURISTIC,TERMINAL,TERMINAL,1,0,1,0,1,N,1,0,23,23
MRG_HDR_DTL_V,VIEW,HEURISTIC,ROOT,ROOT,0,1,0,1,0,N,0,1,,
NC_AUDIT_PARENT,TABLE,HEURISTIC,TERMINAL,TERMINAL,1,0,1,0,1,N,1,0,283,283
NC_AUDIT_PARENT_V,VIEW,HEURISTIC,ROOT,ROOT,0,1,0,1,0,N,0,1,,
PEER_RV_ACV_MSTR,TABLE,HEURISTIC,TERMINAL,TERMINAL,1,0,1,0,1,N,1,0,248,248
PEER_RV_ACV_MSTR_V,VIEW,HEURISTIC,ROOT,ROOT,0,1,0,1,0,N,0,1,,
PEER_RV_MRR_MSTR,TABLE,HEURISTIC,TERMINAL,TERMINAL,1,0,1,0,1,N,1,0,249,249
PEER_RV_MRR_MSTR_V,VIEW,HEURISTIC,ROOT,ROOT,0,1,0,1,0,N,0,1,,
PKG_ACCT_EMAIL.SEND_ACCT_EMAIL,PROCEDURE,HEURISTIC,ROOT,ROOT,0,1,0,1,0,N,0,0,,
RPT_ACCOUNT_SOFT,TABLE,HEURISTIC,TERMINAL,TERMINAL,1,0,1,0,1,N,1,0,237,237
RPT_ACCOUNT_SOFT_V,VIEW,HEURISTIC,ROOT,ROOT,0,1,0,1,0,N,0,1,,
RPT_BKG_CUST_CON,TABLE,HEURISTIC,TERMINAL,TERMINAL,1,0,1,0,1,N,1,0,198,198
RPT_BKG_CUST_CON_S1,TABLE,HEURISTIC,TERMINAL,TERMINAL,1,0,1,0,1,N,1,0,200,200
RPT_BKG_CUST_CON_S1_V,VIEW,HEURISTIC,ROOT,ROOT,0,1,0,1,0,N,0,1,,
RPT_BKG_CUST_CON_S2,TABLE,HEURISTIC,TERMINAL,TERMINAL,1,0,1,0,1,N,1,0,201,201
RPT_BKG_CUST_CON_S2_V,VIEW,HEURISTIC,ROOT,ROOT,0,1,0,1,0,N,0,1,,
RPT_BKG_CUST_CON_V,VIEW,HEURISTIC,ROOT,ROOT,0,1,0,1,0,N,0,1,,
RPT_BKG_RECON,TABLE,HEURISTIC,TERMINAL,TERMINAL,1,0,1,0,1,N,1,0,282,282
RPT_BKG_RECONS_V,VIEW,HEURISTIC,ROOT,ROOT,0,1,0,1,0,N,0,1,,
RPT_BKG_RECON_S0,TABLE,HEURISTIC,TERMINAL,TERMINAL,1,0,1,0,1,N,1,0,278,278
RPT_BKG_RECON_S0_V,VIEW,HEURISTIC,ROOT,ROOT,0,1,0,1,0,N,0,1,,
RPT_BKG_RECON_S1,TABLE,HEURISTIC,TERMINAL,TERMINAL,1,0,1,0,1,N,1,0,279,279
RPT_BKG_RECON_S1_V,VIEW,HEURISTIC,ROOT,ROOT,0,1,0,1,0,N,0,1,,
RPT_BKG_RECON_S2,TABLE,HEURISTIC,TERMINAL,TERMINAL,1,0,1,0,1,N,1,0,280,280
RPT_BKG_RECON_S2_V,VIEW,HEURISTIC,ROOT,ROOT,0,1,0,1,0,N,0,1,,
RPT_BKG_RECON_S3,TABLE,HEURISTIC,TERMINAL,TERMINAL,1,0,1,0,1,N,1,0,281,281
RPT_BKG_RECON_S3_V,VIEW,HEURISTIC,ROOT,ROOT,0,1,0,1,0,N,0,1,,
RPT_CC_FX_COMBO,TABLE,HEURISTIC,TERMINAL,TERMINAL,1,0,1,0,1,N,1,0,312,312
RPT_CC_FX_COMBO_V,VIEW,HEURISTIC,ROOT,ROOT,0,1,0,1,0,N,0,1,,
RPT_COECUSTCON_STATUS,TABLE,HEURISTIC,INTERMEDIATE,INTERMEDIATE,1,1,1,1,1,N,1,1,10007,10007
RPT_COECUSTCON_STATUS_V,VIEW,HEURISTIC,ROOT,ROOT,0,1,0,1,0,N,0,1,,
RPT_DAILY_LIST,TABLE,HEURISTIC,TERMINAL,TERMINAL,1,0,1,0,1,N,2,0,88,188
RPT_DAILY_LIST_1C,TABLE,HEURISTIC,TERMINAL,TERMINAL,1,0,1,0,1,N,2,0,87,187
RPT_DAILY_LIST_1C_V,VIEW,HEURISTIC,ROOT,ROOT,0,1,0,1,0,N,0,2,,
RPT_DAILY_LIST_V,VIEW,HEURISTIC,ROOT,ROOT,0,1,0,1,0,N,0,2,,
RPT_DAILY_LOAD_STATUS,TABLE,HEURISTIC,INTERMEDIATE,INTERMEDIATE,1,1,1,1,1,N,1,1,10001,10001
RPT_DAILY_LOAD_STATUS_V,VIEW,HEURISTIC,ROOT,ROOT,0,1,0,1,0,N,0,1,,
RPT_OPPTY_PROG_STAT,TABLE,HEURISTIC,TERMINAL,TERMINAL,1,0,1,0,1,N,2,0,307,308
RPT_OPPTY_PROG_STAT_V,VIEW,HEURISTIC,ROOT,ROOT,0,1,0,1,0,N,0,1,,
RPT_PROD_NETTCV_S1_CONLENGTH,TABLE,HEURISTIC,TERMINAL,TERMINAL,1,0,1,0,1,N,1,0,175,175
RPT_PROD_NETTCV_S1_CONLENGTH_V,VIEW,HEURISTIC,ROOT,ROOT,0,1,0,1,0,N,0,1,,
RPT_PROD_NETTCV_S2_MOST_RECENT_CON_EXT,TABLE,HEURISTIC,TERMINAL,TERMINAL,1,0,1,0,1,N,1,0,176,176
RPT_PROD_NETTCV_S2_MOST_RECENT_CON_EXT_V,VIEW,HEURISTIC,ROOT,ROOT,0,1,0,1,0,N,0,1,,
RPT_PROD_NETTCV_S3_MOST_RECENT_OTHER,TABLE,HEURISTIC,TERMINAL,TERMINAL,1,0,1,0,1,N,1,0,177,177
RPT_PROD_NETTCV_S3_MOST_RECENT_OTHER_V,VIEW,HEURISTIC,ROOT,ROOT,0,1,0,1,0,N,0,1,,
RPT_PROD_NETTCV_S4_BKG_W_REN,TABLE,HEURISTIC,TERMINAL,TERMINAL,1,0,1,0,1,N,1,0,178,178
RPT_PROD_NETTCV_S4_BKG_W_REN_V,VIEW,HEURISTIC,ROOT,ROOT,0,1,0,1,0,N,0,1,,
RPT_PROD_NETTCV_S5_BKG_MOD,TABLE,HEURISTIC,TERMINAL,TERMINAL,1,0,1,0,1,N,1,0,179,179
RPT_PROD_NETTCV_S5_BKG_MOD_V,VIEW,HEURISTIC,ROOT,ROOT,0,1,0,1,0,N,0,1,,
RPT_PROD_NETTCV_S6_DOM_BKG,TABLE,HEURISTIC,TERMINAL,TERMINAL,1,0,1,0,1,N,1,0,180,180
RPT_PROD_NETTCV_S6_DOM_BKG_V,VIEW,HEURISTIC,ROOT,ROOT,0,1,0,1,0,N,0,1,,
RPT_PROD_UPLOAD_0A,TABLE,HEURISTIC,TERMINAL,TERMINAL,1,0,1,0,1,N,1,0,162,162
RPT_PROD_UPLOAD_0A_V,VIEW,HEURISTIC,ROOT,ROOT,0,1,0,1,0,N,0,1,,
RPT_PROD_UPLOAD_0B,TABLE,HEURISTIC,TERMINAL,TERMINAL,1,0,1,0,1,N,1,0,163,163
RPT_PROD_UPLOAD_0B_V,VIEW,HEURISTIC,ROOT,ROOT,0,1,0,1,0,N,0,1,,
RPT_PROD_UPLOAD_0C,TABLE,HEURISTIC,TERMINAL,TERMINAL,1,0,1,0,1,N,1,0,164,164
RPT_PROD_UPLOAD_0C_V,VIEW,HEURISTIC,ROOT,ROOT,0,1,0,1,0,N,0,1,,
RPT_PROD_UPLOAD_0D,TABLE,HEURISTIC,TERMINAL,TERMINAL,1,0,1,0,1,N,1,0,165,165
RPT_PROD_UPLOAD_0D_1,TABLE,HEURISTIC,TERMINAL,TERMINAL,1,0,1,0,1,N,1,0,166,166
RPT_PROD_UPLOAD_0D_1_V,VIEW,HEURISTIC,ROOT,ROOT,0,1,0,1,0,N,0,1,,
RPT_PROD_UPLOAD_0D_V,VIEW,HEURISTIC,ROOT,ROOT,0,1,0,1,0,N,0,1,,
RPT_PROD_UPLOAD_0E,TABLE,HEURISTIC,TERMINAL,TERMINAL,1,0,1,0,1,N,1,0,167,167
RPT_PROD_UPLOAD_0E_V,VIEW,HEURISTIC,ROOT,ROOT,0,1,0,1,0,N,0,1,,
RPT_PROD_UPLOAD_0F,TABLE,HEURISTIC,TERMINAL,TERMINAL,1,0,1,0,1,N,1,0,168,168
RPT_PROD_UPLOAD_0F_V,VIEW,HEURISTIC,ROOT,ROOT,0,1,0,1,0,N,0,1,,
RPT_PROD_UPLOAD_0H_1,TABLE,HEURISTIC,TERMINAL,TERMINAL,1,0,1,0,1,N,1,0,169,169
RPT_PROD_UPLOAD_0H_1_V,VIEW,HEURISTIC,ROOT,ROOT,0,1,0,1,0,N,0,1,,
RPT_PROD_UPLOAD_0H_2,TABLE,HEURISTIC,TERMINAL,TERMINAL,1,0,1,0,1,N,1,0,170,170
RPT_PROD_UPLOAD_0H_2_V,VIEW,HEURISTIC,ROOT,ROOT,0,1,0,1,0,N,0,1,,
RPT_PROD_UPLOAD_0H_3,TABLE,HEURISTIC,TERMINAL,TERMINAL,1,0,1,0,1,N,1,0,171,171
RPT_PROD_UPLOAD_0H_3_V,VIEW,HEURISTIC,ROOT,ROOT,0,1,0,1,0,N,0,1,,
RPT_PROD_UPLOAD_1,TABLE,HEURISTIC,TERMINAL,TERMINAL,1,0,1,0,1,N,1,0,172,172
RPT_PROD_UPLOAD_1A,TABLE,HEURISTIC,TERMINAL,TERMINAL,1,0,1,0,1,N,1,0,173,173
RPT_PROD_UPLOAD_1A_V,VIEW,HEURISTIC,ROOT,ROOT,0,1,0,1,0,N,0,1,,
RPT_PROD_UPLOAD_1_V,VIEW,HEURISTIC,ROOT,ROOT,0,1,0,1,0,N,0,1,,
RPT_PROD_UPLOAD_2,TABLE,HEURISTIC,TERMINAL,TERMINAL,1,0,1,0,1,N,1,0,174,174
RPT_PROD_UPLOAD_2A,TABLE,HEURISTIC,TERMINAL,TERMINAL,1,0,1,0,1,N,1,0,181,181
RPT_PROD_UPLOAD_2A_V,VIEW,HEURISTIC,ROOT,ROOT,0,1,0,1,0,N,0,1,,
RPT_PROD_UPLOAD_2_V,VIEW,HEURISTIC,ROOT,ROOT,0,1,0,1,0,N,0,1,,
RPT_PROD_UPLOAD_3,TABLE,HEURISTIC,TERMINAL,TERMINAL,1,0,1,0,1,N,1,0,182,182
RPT_PROD_UPLOAD_3_V,VIEW,HEURISTIC,ROOT,ROOT,0,1,0,1,0,N,0,1,,
RPT_PROD_UPLOAD_SUMMARY,TABLE,HEURISTIC,TERMINAL,TERMINAL,1,0,1,0,1,N,1,0,383,383
RPT_PROD_UPLOAD_SUMMARY_V,VIEW,HEURISTIC,ROOT,ROOT,0,1,0,1,0,N,0,1,,
RPT_PULL_CON_COMPARE,TABLE,HEURISTIC,TERMINAL,TERMINAL,1,0,1,0,1,N,1,0,102,102
RPT_PULL_CON_COMPARE_V,VIEW,HEURISTIC,ROOT,ROOT,0,1,0,1,0,N,0,1,,
RPT_REP_GEN_STATUS,TABLE,HEURISTIC,INTERMEDIATE,INTERMEDIATE,1,1,1,1,1,N,1,1,10003,10003
RPT_REP_GEN_STATUS_V,VIEW,HEURISTIC,ROOT,ROOT,0,1,0,1,0,N,0,1,,
RPT_VARIANCE_S1,TABLE,HEURISTIC,TERMINAL,TERMINAL,1,0,1,0,1,N,1,0,238,238
RPT_VARIANCE_S1_V,VIEW,HEURISTIC,ROOT,ROOT,0,1,0,1,0,N,0,1,,
RPT_VARIANCE_S2,TABLE,HEURISTIC,TERMINAL,TERMINAL,1,0,1,0,1,N,1,0,239,239
RPT_VARIANCE_S2_V,VIEW,HEURISTIC,ROOT,ROOT,0,1,0,1,0,N,0,1,,
RPT_VARIANCE_S3,TABLE,HEURISTIC,TERMINAL,TERMINAL,1,0,1,0,1,N,1,0,240,240
RPT_VARIANCE_S3_V,VIEW,HEURISTIC,ROOT,ROOT,0,1,0,1,0,N,0,1,,
RPT_VARIANCE_S4,TABLE,HEURISTIC,TERMINAL,TERMINAL,1,0,1,0,1,N,1,0,241,241
RPT_VARIANCE_S4_V,VIEW,HEURISTIC,ROOT,ROOT,0,1,0,1,0,N,0,1,,
RPT_VARIANCE_S5,TABLE,HEURISTIC,TERMINAL,TERMINAL,1,0,1,0,1,N,1,0,243,243
RPT_VARIANCE_S5_V,VIEW,HEURISTIC,ROOT,ROOT,0,1,0,1,0,N,0,1,,
RPT_XL_PULL_STATUS,TABLE,HEURISTIC,INTERMEDIATE,INTERMEDIATE,1,1,1,1,1,N,1,1,10005,10005
RPT_XL_PULL_STATUS_V,VIEW,HEURISTIC,ROOT,ROOT,0,1,0,1,0,N,0,1,,
SCD_CON_DTL,TABLE,HEURISTIC,TERMINAL,TERMINAL,4,0,4,0,2,N,4,0,39,54
SCD_CON_DTL_MANUAL,TABLE,HEURISTIC,TERMINAL,TERMINAL,1,0,1,0,1,N,1,0,13,13
SCD_CON_DTL_MANUAL_TMP,TABLE,HEURISTIC,ISOLATED,ISOLATED,0,0,0,0,0,N,1,0,14,14
SCD_CON_DTL_MANUAL_TMP_V,VIEW,HEURISTIC,ROOT,ROOT,0,1,0,1,0,N,0,1,,
SCD_CON_DTL_OVR,TABLE,HEURISTIC,TERMINAL,TERMINAL,1,0,1,0,1,N,1,0,72,72
SCD_CON_DTL_OVR_PULL_LCK,TABLE,HEURISTIC,TERMINAL,TERMINAL,1,0,1,0,1,N,1,0,96,96
SCD_CON_DTL_OVR_PULL_LCK_V,VIEW,HEURISTIC,ROOT,ROOT,0,1,0,1,0,N,0,1,,
SCD_CON_DTL_X,TABLE,HEURISTIC,TERMINAL,TERMINAL,2,0,2,0,2,N,2,0,45,47
SCD_CON_HDR,TABLE,HEURISTIC,TERMINAL,TERMINAL,2,0,2,0,2,N,2,0,42,44
SCD_CON_HDR_DUPL,TABLE,HEURISTIC,TERMINAL,TERMINAL,2,0,2,0,2,N,2,0,57,58
SCD_CON_HDR_X,TABLE,HEURISTIC,TERMINAL,TERMINAL,2,0,2,0,2,N,2,0,48,50
SCD_OPPTY,TABLE,HEURISTIC,TERMINAL,TERMINAL,2,0,2,0,2,N,2,0,75,76
SCD_XCEPT,TABLE,HEURISTIC,TERMINAL,TERMINAL,2,0,2,0,2,N,2,0,121,122
SEND EMAIL,PSEUDO,HEURISTIC,TERMINAL,TERMINAL,2,0,2,0,1,N,1,0,385,385
SNAP_BASELINE_COMPARE,TABLE,HEURISTIC,TERMINAL,TERMINAL,1,0,1,0,1,N,1,0,245,245
SNAP_BASELINE_COMPARE_V,VIEW,HEURISTIC,ROOT,ROOT,0,1,0,1,0,N,0,1,,
SNAP_BKG,TABLE,HEURISTIC,TERMINAL,TERMINAL,2,0,2,0,2,N,2,0,124,125
SNAP_BKG_ACCT_PROD_ROLL,TABLE,HEURISTIC,TERMINAL,TERMINAL,1,0,1,0,1,N,1,0,156,156
SNAP_BKG_ACCT_ROLL,TABLE,HEURISTIC,TERMINAL,TERMINAL,1,0,1,0,1,N,1,0,157,157
SNAP_BKG_COMPARE,TABLE,HEURISTIC,TERMINAL,TERMINAL,1,0,1,0,1,N,1,0,151,151
SNAP_BKG_COMP_EMP_UPLOAD,TABLE,HEURISTIC,TERMINAL,TERMINAL,1,0,1,0,1,N,1,0,232,232
SNAP_BKG_COMP_PROD_UPLOAD,TABLE,HEURISTIC,TERMINAL,TERMINAL,1,0,1,0,1,N,1,0,160,160
SNAP_BKG_PROD_UNITCNT_CLNUP,TABLE,HEURISTIC,TERMINAL,TERMINAL,1,0,1,0,1,N,1,0,154,154
SNAP_BKG_PROD_UNITCNT_CLNUP_V,VIEW,HEURISTIC,ROOT,ROOT,0,1,0,1,0,N,0,1,,
SNAP_BKG_YTD_DETAIL,TABLE,HEURISTIC,TERMINAL,TERMINAL,1,0,1,0,1,N,1,0,159,159
SNAP_BKG_YTD_SOFT_S1,TABLE,HEURISTIC,TERMINAL,TERMINAL,1,0,1,0,1,N,1,0,235,235
SNAP_BKG_YTD_STERM,TABLE,HEURISTIC,TERMINAL,TERMINAL,1,0,1,0,1,N,1,0,161,161
SNAP_DAILY_LIST,TABLE,HEURISTIC,TERMINAL,TERMINAL,1,0,1,0,1,N,1,0,90,90
SNAP_DL_ALERTS,TABLE,HEURISTIC,TERMINAL,TERMINAL,1,0,1,0,1,N,1,0,231,231
SNAP_ERM_ACCT,TABLE,HEURISTIC,TERMINAL,TERMINAL,1,0,1,0,1,N,1,0,66,66
SNAP_EXPIRED_CONTRACTS,TABLE,HEURISTIC,TERMINAL,TERMINAL,1,0,1,0,1,N,1,0,378,378
SNAP_EXPIRED_CONTRACTS_V,VIEW,HEURISTIC,ROOT,ROOT,0,1,0,1,0,N,0,1,,
SNAP_EXPIRED_PRODUCTS,TABLE,HEURISTIC,TERMINAL,TERMINAL,1,0,1,0,1,N,1,0,384,384
SNAP_EXPIRED_PRODUCTS_V,VIEW,HEURISTIC,ROOT,ROOT,0,1,0,1,0,N,0,1,,
SNAP_HYP_REV_PLAN,TABLE,HEURISTIC,TERMINAL,TERMINAL,1,0,1,0,1,N,1,0,1013,1013
SNAP_MRC_DTL,TABLE,HEURISTIC,TERMINAL,TERMINAL,1,0,1,0,1,N,1,0,71,71
SNAP_MRG_HDR_DTL,TABLE,HEURISTIC,TERMINAL,TERMINAL,1,0,1,0,1,N,1,0,24,24
SNAP_PULL_CON_COMPARE,TABLE,HEURISTIC,TERMINAL,TERMINAL,1,0,1,0,1,N,1,0,103,103
SNAP_TCV_ACV,TABLE,HEURISTIC,TERMINAL,TERMINAL,1,0,1,0,1,N,2,0,114,138
SNAP_VARIANCE,TABLE,HEURISTIC,TERMINAL,TERMINAL,1,0,1,0,1,N,1,0,244,244
STATUS EMAIL,PSEUDO,HEURISTIC,TERMINAL,TERMINAL,8,0,8,0,2,N,4,0,10002,10008
STG_BKG_ACCT_PROD_ROLL_S1,TABLE,HEURISTIC,TERMINAL,TERMINAL,1,0,1,0,1,N,1,0,155,155
STG_BKG_ACCT_PROD_ROLL_S1_V,VIEW,HEURISTIC,ROOT,ROOT,0,1,0,1,0,N,0,1,,
STG_BKG_COMP_ATT_CALC_S1,TABLE,HEURISTIC,TERMINAL,TERMINAL,1,0,1,0,1,N,1,0,152,152
STG_BKG_COMP_ATT_CALC_S1_V,VIEW,HEURISTIC,ROOT,ROOT,0,1,0,1,0,N,0,1,,
STG_BKG_COMP_ATT_CALC_S2,TABLE,HEURISTIC,TERMINAL,TERMINAL,1,0,1,0,1,N,1,0,153,153
STG_BKG_COMP_ATT_CALC_S2_V,VIEW,HEURISTIC,ROOT,ROOT,0,1,0,1,0,N,0,1,,
STG_BKG_COMP_S0,TABLE,HEURISTIC,TERMINAL,TERMINAL,1,0,1,0,1,N,1,0,140,140
STG_BKG_COMP_S0_A,TABLE,HEURISTIC,TERMINAL,TERMINAL,1,0,1,0,1,N,1,0,141,141
STG_BKG_COMP_S0_A_V,VIEW,HEURISTIC,ROOT,ROOT,0,1,0,1,0,N,0,1,,
STG_BKG_COMP_S0_V,VIEW,HEURISTIC,ROOT,ROOT,0,1,0,1,0,N,0,1,,
STG_BKG_COMP_S1,TABLE,HEURISTIC,TERMINAL,TERMINAL,1,0,1,0,1,N,1,0,142,142
STG_BKG_COMP_S1_V,VIEW,HEURISTIC,ROOT,ROOT,0,1,0,1,0,N,0,1,,
STG_BKG_COMP_S2,TABLE,HEURISTIC,TERMINAL,TERMINAL,1,0,1,0,1,N,1,0,143,143
STG_BKG_COMP_S2_V,VIEW,HEURISTIC,ROOT,ROOT,0,1,0,1,0,N,0,1,,
STG_BKG_COMP_S3,TABLE,HEURISTIC,TERMINAL,TERMINAL,1,0,1,0,1,N,1,0,144,144
STG_BKG_COMP_S3A,TABLE,HEURISTIC,TERMINAL,TERMINAL,1,0,1,0,1,N,1,0,145,145
STG_BKG_COMP_S3A_V,VIEW,HEURISTIC,ROOT,ROOT,0,1,0,1,0,N,0,1,,
STG_BKG_COMP_S3B,TABLE,HEURISTIC,TERMINAL,TERMINAL,1,0,1,0,1,N,1,0,146,146
STG_BKG_COMP_S3B_V,VIEW,HEURISTIC,ROOT,ROOT,0,1,0,1,0,N,0,1,,
STG_BKG_COMP_S3C,TABLE,HEURISTIC,TERMINAL,TERMINAL,1,0,1,0,1,N,1,0,147,147
STG_BKG_COMP_S3C_V,VIEW,HEURISTIC,ROOT,ROOT,0,1,0,1,0,N,0,1,,
STG_BKG_COMP_S3D,TABLE,HEURISTIC,TERMINAL,TERMINAL,1,0,1,0,1,N,1,0,148,148
STG_BKG_COMP_S3D_V,VIEW,HEURISTIC,ROOT,ROOT,0,1,0,1,0,N,0,1,,
STG_BKG_COMP_S3_V,VIEW,HEURISTIC,ROOT,ROOT,0,1,0,1,0,N,0,1,,
STG_BKG_COMP_S4,TABLE,HEURISTIC,TERMINAL,TERMINAL,1,0,1,0,1,N,1,0,149,149
STG_BKG_COMP_S4A,TABLE,HEURISTIC,TERMINAL,TERMINAL,1,0,1,0,1,N,1,0,150,150
STG_BKG_COMP_S4A_V,VIEW,HEURISTIC,ROOT,ROOT,0,1,0,1,0,N,0,1,,
STG_BKG_COMP_S4_V,VIEW,HEURISTIC,ROOT,ROOT,0,1,0,1,0,N,0,1,,
STG_CON_HDR_DUPL_S1,TABLE,HEURISTIC,TERMINAL,TERMINAL,1,0,1,0,1,N,1,0,55,55
STG_CON_HDR_DUPL_S1_V,VIEW,HEURISTIC,ROOT,ROOT,0,1,0,1,0,N,0,1,,
STG_CON_HDR_DUPL_S2,TABLE,HEURISTIC,INTERMEDIATE,INTERMEDIATE,1,1,1,1,1,N,1,1,56,56
STG_CON_HDR_DUPL_S2_V,VIEW,HEURISTIC,ROOT,ROOT,0,1,0,1,0,N,0,1,,
STG_DAILY_LIST_CON_OPPTY_S1,TABLE,HEURISTIC,TERMINAL,TERMINAL,1,0,1,0,1,N,1,0,91,91
STG_DAILY_LIST_CON_OPPTY_S1_V,VIEW,HEURISTIC,ROOT,ROOT,0,1,0,1,0,N,0,1,,
STG_DAILY_LIST_CON_OPPTY_S2,TABLE,HEURISTIC,TERMINAL,TERMINAL,1,0,1,0,1,N,1,0,92,92
STG_DAILY_LIST_CON_OPPTY_S2_V,VIEW,HEURISTIC,ROOT,ROOT,0,1,0,1,0,N,0,1,,
STG_DAILY_LIST_CON_OPPTY_S3,TABLE,HEURISTIC,TERMINAL,TERMINAL,1,0,1,0,1,N,1,0,93,93
STG_DAILY_LIST_CON_OPPTY_S3_V,VIEW,HEURISTIC,ROOT,ROOT,0,1,0,1,0,N,0,1,,
STG_DAILY_LIST_CON_OPPTY_S4,TABLE,HEURISTIC,TERMINAL,TERMINAL,1,0,1,0,1,N,1,0,94,94
STG_DAILY_LIST_CON_OPPTY_S4_V,VIEW,HEURISTIC,ROOT,ROOT,0,1,0,1,0,N,0,1,,
STG_DAILY_LIST_CON_OPPTY_S5,TABLE,HEURISTIC,TERMINAL,TERMINAL,1,0,1,0,1,N,1,0,95,95
STG_DAILY_LIST_CON_OPPTY_S5_V,VIEW,HEURISTIC,ROOT,ROOT,0,1,0,1,0,N,0,1,,
STG_DL_ALIGN_S1,TABLE,HEURISTIC,TERMINAL,TERMINAL,1,0,1,0,1,N,1,0,221,221
STG_DL_ALIGN_S1_V,VIEW,HEURISTIC,ROOT,ROOT,0,1,0,1,0,N,0,1,,
STG_DL_ALIGN_S2,TABLE,HEURISTIC,TERMINAL,TERMINAL,1,0,1,0,1,N,1,0,222,222
STG_DL_ALIGN_S2_V,VIEW,HEURISTIC,ROOT,ROOT,0,1,0,1,0,N,0,1,,
STG_DL_CON_NONCOTERM_S1,TABLE,HEURISTIC,TERMINAL,TERMINAL,1,0,1,0,1,N,1,0,219,219
STG_DL_CON_NONCOTERM_S1_V,VIEW,HEURISTIC,ROOT,ROOT,0,1,0,1,0,N,0,1,,
STG_DL_CON_NONCOTERM_S2,TABLE,HEURISTIC,TERMINAL,TERMINAL,1,0,1,0,1,N,1,0,220,220
STG_DL_CON_NONCOTERM_S2_V,VIEW,HEURISTIC,ROOT,ROOT,0,1,0,1,0,N,0,1,,
STG_DL_DUP_CON_S1,TABLE,HEURISTIC,TERMINAL,TERMINAL,1,0,1,0,1,N,1,0,211,211
STG_DL_DUP_CON_S1_V,VIEW,HEURISTIC,ROOT,ROOT,0,1,0,1,0,N,0,1,,
STG_DL_DUP_CON_S2,TABLE,HEURISTIC,TERMINAL,TERMINAL,1,0,1,0,1,N,1,0,212,212
STG_DL_DUP_CON_S2_V,VIEW,HEURISTIC,ROOT,ROOT,0,1,0,1,0,N,0,1,,
STG_DL_DUP_DBLCNT_S1,TABLE,HEURISTIC,TERMINAL,TERMINAL,1,0,1,0,1,N,1,0,213,213
STG_DL_DUP_DBLCNT_S1_V,VIEW,HEURISTIC,ROOT,ROOT,0,1,0,1,0,N,0,1,,
STG_DL_DUP_DBLCNT_S2,TABLE,HEURISTIC,TERMINAL,TERMINAL,1,0,1,0,1,N,1,0,214,214
STG_DL_DUP_DBLCNT_S2_V,VIEW,HEURISTIC,ROOT,ROOT,0,1,0,1,0,N,0,1,,
STG_DL_INTERNAL_INV_S1,TABLE,HEURISTIC,TERMINAL,TERMINAL,1,0,1,0,1,N,1,0,227,227
STG_DL_INTERNAL_INV_S1_V,VIEW,HEURISTIC,ROOT,ROOT,0,1,0,1,0,N,0,1,,
STG_DL_INTERNAL_INV_S2,TABLE,HEURISTIC,TERMINAL,TERMINAL,1,0,1,0,1,N,1,0,228,228
STG_DL_INTERNAL_INV_S2_V,VIEW,HEURISTIC,ROOT,ROOT,0,1,0,1,0,N,0,1,,
STG_DL_INV_CHILD_CONS_S1,TABLE,HEURISTIC,TERMINAL,TERMINAL,1,0,1,0,1,N,1,0,225,225
STG_DL_INV_CHILD_CONS_S1_V,VIEW,HEURISTIC,ROOT,ROOT,0,1,0,1,0,N,0,1,,
STG_DL_INV_CHILD_CONS_S2,TABLE,HEURISTIC,TERMINAL,TERMINAL,1,0,1,0,1,N,1,0,226,226
STG_DL_INV_CHILD_CONS_S2_V,VIEW,HEURISTIC,ROOT,ROOT,0,1,0,1,0,N,0,1,,
STG_DL_MISC_DTL_S1,TABLE,HEURISTIC,TERMINAL,TERMINAL,1,0,1,0,1,N,1,0,215,215
STG_DL_MISC_DTL_S1_V,VIEW,HEURISTIC,ROOT,ROOT,0,1,0,1,0,N,0,1,,
STG_DL_MISC_DTL_S2,TABLE,HEURISTIC,TERMINAL,TERMINAL,1,0,1,0,1,N,1,0,216,216
STG_DL_MISC_DTL_S2_V,VIEW,HEURISTIC,ROOT,ROOT,0,1,0,1,0,N,0,1,,
STG_DL_MISC_HDR_S1,TABLE,HEURISTIC,TERMINAL,TERMINAL,1,0,1,0,1,N,1,0,217,217
STG_DL_MISC_HDR_S1_V,VIEW,HEURISTIC,ROOT,ROOT,0,1,0,1,0,N,0,1,,
STG_DL_MISC_HDR_S2,TABLE,HEURISTIC,TERMINAL,TERMINAL,1,0,1,0,1,N,1,0,218,218
STG_DL_MISC_HDR_S2_V,VIEW,HEURISTIC,ROOT,ROOT,0,1,0,1,0,N,0,1,,
STG_DL_PRICING_S1,TABLE,HEURISTIC,TERMINAL,TERMINAL,1,0,1,0,1,N,1,0,202,202
STG_DL_PRICING_S1_V,VIEW,HEURISTIC,ROOT,ROOT,0,1,0,1,0,N,0,1,,
STG_DL_PRICING_S2,TABLE,HEURISTIC,TERMINAL,TERMINAL,1,0,1,0,1,N,1,0,203,203
STG_DL_PRICING_S2_V,VIEW,HEURISTIC,ROOT,ROOT,0,1,0,1,0,N,0,1,,
STG_DL_PRICING_S3,TABLE,HEURISTIC,TERMINAL,TERMINAL,1,0,1,0,1,N,1,0,204,204
STG_DL_PRICING_S3_V,VIEW,HEURISTIC,ROOT,ROOT,0,1,0,1,0,N,0,1,,
STG_DL_PRICING_S4,TABLE,HEURISTIC,TERMINAL,TERMINAL,1,0,1,0,1,N,1,0,205,205
STG_DL_PRICING_S4_V,VIEW,HEURISTIC,ROOT,ROOT,0,1,0,1,0,N,0,1,,
STG_DL_REG_CURR_MISMATCH_HST,TABLE,HEURISTIC,TERMINAL,TERMINAL,1,0,1,0,1,N,1,0,210,210
STG_DL_REG_CURR_MISMATCH_S1,TABLE,HEURISTIC,TERMINAL,TERMINAL,1,0,1,0,1,N,1,0,206,206
STG_DL_REG_CURR_MISMATCH_S1_V,VIEW,HEURISTIC,ROOT,ROOT,0,1,0,1,0,N,0,1,,
STG_DL_REG_CURR_MISMATCH_S2,TABLE,HEURISTIC,TERMINAL,TERMINAL,1,0,1,0,1,N,1,0,207,207
STG_DL_REG_CURR_MISMATCH_S2_V,VIEW,HEURISTIC,ROOT,ROOT,0,1,0,1,0,N,0,1,,
STG_DL_REG_CURR_MISMATCH_S3,TABLE,HEURISTIC,TERMINAL,TERMINAL,1,0,1,0,1,N,1,0,208,208
STG_DL_REG_CURR_MISMATCH_S3_V,VIEW,HEURISTIC,ROOT,ROOT,0,1,0,1,0,N,0,1,,
STG_DL_REG_CURR_MISMATCH_S4,TABLE,HEURISTIC,TERMINAL,TERMINAL,1,0,1,0,1,N,1,0,209,209
STG_DL_REG_CURR_MISMATCH_S4_V,VIEW,HEURISTIC,ROOT,ROOT,0,1,0,1,0,N,0,1,,
STG_DL_WHOLESALE_REGS_S1,TABLE,HEURISTIC,TERMINAL,TERMINAL,1,0,1,0,1,N,1,0,223,223
STG_DL_WHOLESALE_REGS_S1_V,VIEW,HEURISTIC,ROOT,ROOT,0,1,0,1,0,N,0,1,,
STG_DL_WHOLESALE_REGS_S2,TABLE,HEURISTIC,TERMINAL,TERMINAL,1,0,1,0,1,N,1,0,224,224
STG_DL_WHOLESALE_REGS_S2_V,VIEW,HEURISTIC,ROOT,ROOT,0,1,0,1,0,N,0,1,,
STG_EDGE_S1,TABLE,HEURISTIC,TERMINAL,TERMINAL,1,0,1,0,1,N,1,0,251,251
STG_EDGE_S1_V,VIEW,HEURISTIC,ROOT,ROOT,0,1,0,1,0,N,0,1,,
STG_EDGE_S2,TABLE,HEURISTIC,TERMINAL,TERMINAL,1,0,1,0,1,N,1,0,252,252
STG_EDGE_S2_V,VIEW,HEURISTIC,ROOT,ROOT,0,1,0,1,0,N,0,1,,
STG_EDGE_S3,TABLE,HEURISTIC,TERMINAL,TERMINAL,1,0,1,0,1,N,1,0,253,253
STG_EDGE_S3_V,VIEW,HEURISTIC,ROOT,ROOT,0,1,0,1,0,N,0,1,,
STG_EDGE_S4,TABLE,HEURISTIC,TERMINAL,TERMINAL,1,0,1,0,1,N,1,0,254,254
STG_EDGE_S4_V,VIEW,HEURISTIC,ROOT,ROOT,0,1,0,1,0,N,0,1,,
STG_EDGE_S5,TABLE,HEURISTIC,TERMINAL,TERMINAL,1,0,1,0,1,N,1,0,255,255
STG_EDGE_S5_V,VIEW,HEURISTIC,ROOT,ROOT,0,1,0,1,0,N,0,1,,
STG_EDGE_S6,TABLE,HEURISTIC,TERMINAL,TERMINAL,1,0,1,0,1,N,1,0,256,256
STG_EDGE_S6_V,VIEW,HEURISTIC,ROOT,ROOT,0,1,0,1,0,N,0,1,,
STG_EDGE_S7,TABLE,HEURISTIC,TERMINAL,TERMINAL,1,0,1,0,1,N,1,0,257,257
STG_EDGE_S7_V,VIEW,HEURISTIC,ROOT,ROOT,0,1,0,1,0,N,0,1,,
STG_EDGE_S8,TABLE,HEURISTIC,TERMINAL,TERMINAL,1,0,1,0,1,N,1,0,258,258
STG_EDGE_S8_V,VIEW,HEURISTIC,ROOT,ROOT,0,1,0,1,0,N,0,1,,
STG_EMAIL_DL_S1,TABLE,HEURISTIC,TERMINAL,TERMINAL,1,0,1,0,1,N,1,0,229,229
STG_EMAIL_DL_S1_V,VIEW,HEURISTIC,ROOT,ROOT,0,2,0,2,0,N,0,2,,
STG_MRC_DTL_S1,TABLE,HEURISTIC,TERMINAL,TERMINAL,1,0,1,0,1,N,1,0,67,67
STG_MRC_DTL_S1_V,VIEW,HEURISTIC,ROOT,ROOT,0,1,0,1,0,N,0,1,,
STG_MRC_DTL_S2,TABLE,HEURISTIC,TERMINAL,TERMINAL,1,0,1,0,1,N,1,0,68,68
STG_MRC_DTL_S2_V,VIEW,HEURISTIC,ROOT,ROOT,0,1,0,1,0,N,0,1,,
STG_MRC_DTL_S3,TABLE,HEURISTIC,TERMINAL,TERMINAL,1,0,1,0,1,N,1,0,69,69
STG_MRC_DTL_S3_V,VIEW,HEURISTIC,ROOT,ROOT,0,1,0,1,0,N,0,1,,
STG_OPP_USR_ASGN_S1,TABLE,HEURISTIC,TERMINAL,TERMINAL,1,0,1,0,1,N,1,0,189,189
STG_OPP_USR_ASGN_S1_V,VIEW,HEURISTIC,ROOT,ROOT,0,1,0,1,0,N,0,1,,
STG_OPP_USR_ASGN_S2,TABLE,HEURISTIC,TERMINAL,TERMINAL,1,0,1,0,1,N,1,0,190,190
STG_OPP_USR_ASGN_S2_V,VIEW,HEURISTIC,ROOT,ROOT,0,1,0,1,0,N,0,1,,
STG_OPP_USR_ASGN_S3,TABLE,HEURISTIC,TERMINAL,TERMINAL,1,0,1,0,1,N,1,0,191,191
STG_OPP_USR_ASGN_S3_V,VIEW,HEURISTIC,ROOT,ROOT,0,1,0,1,0,N,0,1,,
STG_OPP_USR_ASGN_S4,TABLE,HEURISTIC,TERMINAL,TERMINAL,1,0,1,0,1,N,1,0,192,192
STG_OPP_USR_ASGN_S4_V,VIEW,HEURISTIC,ROOT,ROOT,0,1,0,1,0,N,0,1,,
STG_OPP_USR_ASGN_S5,TABLE,HEURISTIC,TERMINAL,TERMINAL,1,0,1,0,1,N,1,0,193,193
STG_OPP_USR_ASGN_S5_V,VIEW,HEURISTIC,ROOT,ROOT,0,1,0,1,0,N,0,1,,
STG_OPP_USR_ASGN_S6A_V,VIEW,HEURISTIC,ROOT,ROOT,0,1,0,1,0,N,0,1,,
STG_OPP_USR_ASGN_S6B_V,VIEW,HEURISTIC,ROOT,ROOT,0,1,0,1,0,N,0,1,,
STG_OPP_USR_ASGN_S6_V,VIEW,HEURISTIC,ROOT,ROOT,0,1,0,1,0,N,0,1,,
STG_OPP_USR_ASGN_S7_V,VIEW,HEURISTIC,ROOT,ROOT,0,1,0,1,0,N,0,1,,
STG_PULL_CON_COMPARE_S1,TABLE,HEURISTIC,TERMINAL,TERMINAL,1,0,1,0,1,N,1,0,97,97
STG_PULL_CON_COMPARE_S1_V,VIEW,HEURISTIC,ROOT,ROOT,0,1,0,1,0,N,0,1,,
STG_PULL_CON_COMPARE_S2,TABLE,HEURISTIC,TERMINAL,TERMINAL,1,0,1,0,1,N,1,0,98,98
STG_PULL_CON_COMPARE_S2_V,VIEW,HEURISTIC,ROOT,ROOT,0,1,0,1,0,N,0,1,,
STG_PULL_CON_COMPARE_S3,TABLE,HEURISTIC,TERMINAL,TERMINAL,1,0,1,0,1,N,1,0,99,99
STG_PULL_CON_COMPARE_S3_V,VIEW,HEURISTIC,ROOT,ROOT,0,1,0,1,0,N,0,1,,
STG_PULL_CON_COMPARE_S4,TABLE,HEURISTIC,TERMINAL,TERMINAL,1,0,1,0,1,N,1,0,100,100
STG_PULL_CON_COMPARE_S4_V,VIEW,HEURISTIC,ROOT,ROOT,0,1,0,1,0,N,0,1,,
STG_PULL_CON_COMPARE_S5,TABLE,HEURISTIC,TERMINAL,TERMINAL,1,0,1,0,1,N,1,0,101,101
STG_PULL_CON_COMPARE_S5_V,VIEW,HEURISTIC,ROOT,ROOT,0,1,0,1,0,N,0,1,,
STG_SCD_CON_DTL_OVR_MPC_S1,TABLE,HEURISTIC,TERMINAL,TERMINAL,1,0,1,0,1,N,1,0,70,70
STG_SCD_CON_DTL_OVR_MPC_S1_V,VIEW,HEURISTIC,ROOT,ROOT,0,1,0,1,0,N,0,1,,
STG_SCD_CON_DTL_SPLIT_S1,TABLE,HEURISTIC,TERMINAL,TERMINAL,1,0,1,0,1,N,1,0,51,51
STG_SCD_CON_DTL_SPLIT_S1_V,VIEW,HEURISTIC,ROOT,ROOT,0,1,0,1,0,N,0,1,,
STG_SCD_CON_DTL_SPLIT_S2,TABLE,HEURISTIC,INTERMEDIATE,INTERMEDIATE,1,1,1,1,1,N,1,1,52,52
STG_SCD_CON_DTL_SPLIT_S2_V,VIEW,HEURISTIC,ROOT,ROOT,0,1,0,1,0,N,0,1,,
STG_SCD_CON_S0A,TABLE,HEURISTIC,TERMINAL,TERMINAL,1,0,1,0,1,N,1,0,26,26
STG_SCD_CON_S0A_V,VIEW,HEURISTIC,ROOT,ROOT,0,1,0,1,0,N,0,1,,
STG_SCD_CON_S0B,TABLE,HEURISTIC,TERMINAL,TERMINAL,1,0,1,0,1,N,1,0,27,27
STG_SCD_CON_S0B_V,VIEW,HEURISTIC,ROOT,ROOT,0,1,0,1,0,N,0,1,,
STG_SCD_CON_S1,TABLE,HEURISTIC,TERMINAL,TERMINAL,1,0,1,0,1,N,1,0,28,28
STG_SCD_CON_S1_V,VIEW,HEURISTIC,ROOT,ROOT,0,1,0,1,0,N,0,1,,
STG_SCD_CON_S2,TABLE,HEURISTIC,TERMINAL,TERMINAL,1,0,1,0,1,N,1,0,29,29
STG_SCD_CON_S2_V,VIEW,HEURISTIC,ROOT,ROOT,0,1,0,1,0,N,0,1,,
STG_SCD_CON_S3,TABLE,HEURISTIC,TERMINAL,TERMINAL,1,0,1,0,1,N,1,0,30,30
STG_SCD_CON_S3_LKP1,TABLE,HEURISTIC,TERMINAL,TERMINAL,1,0,1,0,1,N,1,0,31,31
STG_SCD_CON_S3_LKP1_V,VIEW,HEURISTIC,ROOT,ROOT,0,1,0,1,0,N,0,1,,
STG_SCD_CON_S3_LKP2,TABLE,HEURISTIC,TERMINAL,TERMINAL,1,0,1,0,1,N,1,0,32,32
STG_SCD_CON_S3_LKP2_V,VIEW,HEURISTIC,ROOT,ROOT,0,1,0,1,0,N,0,1,,
STG_SCD_CON_S3_LKP3,TABLE,HEURISTIC,TERMINAL,TERMINAL,1,0,1,0,1,N,1,0,33,33
STG_SCD_CON_S3_LKP3_V,VIEW,HEURISTIC,ROOT,ROOT,0,1,0,1,0,N,0,1,,
STG_SCD_CON_S3_V,VIEW,HEURISTIC,ROOT,ROOT,0,1,0,1,0,N,0,1,,
STG_SCD_CON_S4,TABLE,HEURISTIC,TERMINAL,TERMINAL,1,0,1,0,1,N,1,0,34,34
STG_SCD_CON_S4_V,VIEW,HEURISTIC,ROOT,ROOT,0,1,0,1,0,N,0,1,,
STG_SCD_CON_S5,TABLE,HEURISTIC,INTERMEDIATE,INTERMEDIATE,1,1,1,1,1,N,1,1,35,35
STG_SCD_CON_S5_V,VIEW,HEURISTIC,ROOT,ROOT,0,1,0,1,0,N,0,1,,
STG_SCD_CON_S6,TABLE,HEURISTIC,INTERMEDIATE,INTERMEDIATE,1,1,1,1,1,N,1,1,36,36
STG_SCD_CON_S6_V,VIEW,HEURISTIC,ROOT,ROOT,0,1,0,1,0,N,0,1,,
STG_SCD_CON_S7,TABLE,HEURISTIC,INTERMEDIATE,INTERMEDIATE,1,1,1,1,1,N,1,1,37,37
STG_SCD_CON_S7_V,VIEW,HEURISTIC,ROOT,ROOT,0,1,0,1,0,N,0,1,,
STG_SCD_CON_S8,TABLE,HEURISTIC,INTERMEDIATE,INTERMEDIATE,1,1,1,1,1,N,1,1,38,38
STG_SCD_CON_S8_V,VIEW,HEURISTIC,ROOT,ROOT,0,1,0,1,0,N,0,1,,
STG_SCD_OPPTY_S1,TABLE,HEURISTIC,TERMINAL,TERMINAL,1,0,1,0,1,N,1,0,73,73
STG_SCD_OPPTY_S1_V,VIEW,HEURISTIC,ROOT,ROOT,0,1,0,1,0,N,0,1,,
STG_SCD_OPPTY_S2,TABLE,HEURISTIC,INTERMEDIATE,INTERMEDIATE,1,1,1,1,1,N,1,1,74,74
STG_SCD_OPPTY_S2_V,VIEW,HEURISTIC,ROOT,ROOT,0,1,0,1,0,N,0,1,,
STG_SNAP_BKG_YTD_DETAIL_S1,TABLE,HEURISTIC,TERMINAL,TERMINAL,1,0,1,0,1,N,1,0,158,158
STG_SNAP_BKG_YTD_DETAIL_S1_V,VIEW,HEURISTIC,ROOT,ROOT,0,1,0,1,0,N,0,1,,
STG_XCEPT_S1,TABLE,HEURISTIC,TERMINAL,TERMINAL,1,0,1,0,1,N,1,0,118,118
STG_XCEPT_S1_V,VIEW,HEURISTIC,ROOT,ROOT,0,1,0,1,0,N,0,1,,
STG_XCEPT_S2,TABLE,HEURISTIC,TERMINAL,TERMINAL,1,0,1,0,1,N,1,0,119,119
STG_XCEPT_S2_V,VIEW,HEURISTIC,ROOT,ROOT,0,1,0,1,0,N,0,1,,
STG_XCEPT_S3,TABLE,HEURISTIC,INTERMEDIATE,INTERMEDIATE,1,1,1,1,1,N,1,1,120,120
STG_XCEPT_S3_V,VIEW,HEURISTIC,ROOT,ROOT,0,1,0,1,0,N,0,1,,
TAXIS_STEP1_MON_BU_FC,TABLE,HEURISTIC,TERMINAL,TERMINAL,1,0,1,0,1,N,1,0,1001,1001
TAXIS_STEP1_MON_BU_FC_V,VIEW,HEURISTIC,ROOT,ROOT,0,1,0,1,0,N,0,1,,
TAXIS_STEP1_MON_CORP_FC,TABLE,HEURISTIC,TERMINAL,TERMINAL,1,0,1,0,1,N,1,0,1002,1002
TAXIS_STEP1_MON_CORP_FC_V,VIEW,HEURISTIC,ROOT,ROOT,0,1,0,1,0,N,0,1,,
TAXIS_STEP1_MON_FANDG_FC,TABLE,HEURISTIC,TERMINAL,TERMINAL,1,0,1,0,1,N,1,0,1003,1003
TAXIS_STEP1_MON_FANDG_FC_V,VIEW,HEURISTIC,ROOT,ROOT,0,1,0,1,0,N,0,1,,
TAXIS_STEP2_BU_FANDG_DIFF,TABLE,HEURISTIC,TERMINAL,TERMINAL,1,0,1,0,1,N,1,0,1004,1004
TAXIS_STEP2_BU_FANDG_DIFF_V,VIEW,HEURISTIC,ROOT,ROOT,0,1,0,1,0,N,0,1,,
TAXIS_STEP3_5MON_AVG_REV,TABLE,HEURISTIC,TERMINAL,TERMINAL,1,0,1,0,1,N,1,0,1005,1005
TAXIS_STEP3_5MON_AVG_REV_V,VIEW,HEURISTIC,ROOT,ROOT,0,1,0,1,0,N,0,1,,
TAXIS_STEP4_FX_BOOST,TABLE,HEURISTIC,TERMINAL,TERMINAL,1,0,1,0,1,N,1,0,1006,1006
TAXIS_STEP4_FX_BOOST_V,VIEW,HEURISTIC,ROOT,ROOT,0,1,0,1,0,N,0,1,,
TAXIS_STEP5_5MON_BOOST_REV,TABLE,HEURISTIC,TERMINAL,TERMINAL,1,0,1,0,1,N,1,0,1007,1007
TAXIS_STEP5_5MON_BOOST_REV_V,VIEW,HEURISTIC,ROOT,ROOT,0,1,0,1,0,N,0,1,,
WEB_COMP_TCV_ACV_S0A,TABLE,HEURISTIC,TERMINAL,TERMINAL,1,0,1,0,1,N,2,0,104,128
WEB_COMP_TCV_ACV_S0A_V,VIEW,HEURISTIC,ROOT,ROOT,0,1,0,1,0,N,0,2,,
WEB_COMP_TCV_ACV_S0B,TABLE,HEURISTIC,TERMINAL,TERMINAL,1,0,1,0,1,N,2,0,105,129
WEB_COMP_TCV_ACV_S0B_V,VIEW,HEURISTIC,ROOT,ROOT,0,1,0,1,0,N,0,2,,
WEB_COMP_TCV_ACV_S1,TABLE,HEURISTIC,TERMINAL,TERMINAL,1,0,1,0,1,N,3,0,106,199
WEB_COMP_TCV_ACV_S1A,TABLE,HEURISTIC,TERMINAL,TERMINAL,1,0,1,0,1,N,2,0,107,131
WEB_COMP_TCV_ACV_S1A_V,VIEW,HEURISTIC,ROOT,ROOT,0,1,0,1,0,N,0,2,,
WEB_COMP_TCV_ACV_S1B,TABLE,HEURISTIC,TERMINAL,TERMINAL,1,0,1,0,1,N,2,0,108,132
WEB_COMP_TCV_ACV_S1B_V,VIEW,HEURISTIC,ROOT,ROOT,0,1,0,1,0,N,0,2,,
WEB_COMP_TCV_ACV_S1_V,VIEW,HEURISTIC,ROOT,ROOT,0,1,0,1,0,N,0,3,,
WEB_COMP_TCV_ACV_S2,TABLE,HEURISTIC,TERMINAL,TERMINAL,1,0,1,0,1,N,2,0,109,133
WEB_COMP_TCV_ACV_S2A,TABLE,HEURISTIC,TERMINAL,TERMINAL,1,0,1,0,1,N,2,0,110,134
WEB_COMP_TCV_ACV_S2A_V,VIEW,HEURISTIC,ROOT,ROOT,0,1,0,1,0,N,0,2,,
WEB_COMP_TCV_ACV_S2B,TABLE,HEURISTIC,TERMINAL,TERMINAL,1,0,1,0,1,N,2,0,111,135
WEB_COMP_TCV_ACV_S2B_V,VIEW,HEURISTIC,ROOT,ROOT,0,1,0,1,0,N,0,2,,
WEB_COMP_TCV_ACV_S2_V,VIEW,HEURISTIC,ROOT,ROOT,0,1,0,1,0,N,0,2,,
WEB_COMP_TCV_ACV_S3,TABLE,HEURISTIC,TERMINAL,TERMINAL,1,0,1,0,1,N,2,0,112,136
WEB_COMP_TCV_ACV_S3_V,VIEW,HEURISTIC,ROOT,ROOT,0,1,0,1,0,N,0,2,,
WEB_COMP_TCV_ACV_S4,TABLE,HEURISTIC,TERMINAL,TERMINAL,1,0,1,0,1,N,2,0,113,137
WEB_COMP_TCV_ACV_S4_V,VIEW,HEURISTIC,ROOT,ROOT,0,1,0,1,0,N,0,2,,
WEB_COMP_TCV_ACV_S5_V,VIEW,HEURISTIC,ROOT,ROOT,0,1,0,1,0,N,0,2,,
XCP_ACCT_BKGGRP_AMT_CHK,TABLE,HEURISTIC,TERMINAL,TERMINAL,1,0,1,0,1,N,1,0,271,271
XCP_ACCT_BKGGRP_AMT_CHK_V,VIEW,HEURISTIC,ROOT,ROOT,0,1,0,1,0,N,0,1,,
XCP_ACCT_MULTIPLE_USERS,TABLE,HEURISTIC,TERMINAL,TERMINAL,1,0,1,0,1,N,1,0,269,269
XCP_ACCT_MULTIPLE_USERS_V,VIEW,HEURISTIC,ROOT,ROOT,0,1,0,1,0,N,0,1,,
XCP_ACCT_OPPTY_MISMATCH,TABLE,HEURISTIC,TERMINAL,TERMINAL,1,0,1,0,1,N,1,0,270,270
XCP_ACCT_OPPTY_MISMATCH_V,VIEW,HEURISTIC,ROOT,ROOT,0,1,0,1,0,N,0,1,,
XCP_CUSTOM_ALLOC,TABLE,HEURISTIC,TERMINAL,TERMINAL,1,0,1,0,1,N,1,0,268,268
XCP_CUSTOM_ALLOC_V,VIEW,HEURISTIC,ROOT,ROOT,0,1,0,1,0,N,0,1,,
XCP_INCORRECT_ACCT_ASSIGNMT,TABLE,HEURISTIC,TERMINAL,TERMINAL,1,0,1,0,1,N,1,0,272,272
XCP_INCORRECT_ACCT_ASSIGNMT_V,VIEW,HEURISTIC,ROOT,ROOT,0,1,0,1,0,N,0,1,,
XCP_MISSING_BILLING_TYPE,TABLE,HEURISTIC,TERMINAL,TERMINAL,1,0,1,0,1,N,1,0,63,63
XCP_MISSING_BILLING_TYPE_V,VIEW,HEURISTIC,ROOT,ROOT,0,1,0,1,0,N,0,1,,
XCP_MISSING_BILL_CUST,TABLE,HEURISTIC,TERMINAL,TERMINAL,1,0,1,0,1,N,1,0,61,61
XCP_MISSING_BILL_CUST_V,VIEW,HEURISTIC,ROOT,ROOT,0,1,0,1,0,N,0,1,,
XCP_MISSING_CUSTOMERS_COE,TABLE,HEURISTIC,TERMINAL,TERMINAL,1,0,1,0,1,N,1,0,277,277
XCP_MISSING_CUSTOMERS_COE_V,VIEW,HEURISTIC,ROOT,ROOT,0,1,0,1,0,N,0,1,,
XCP_MISSING_END_CUST,TABLE,HEURISTIC,TERMINAL,TERMINAL,1,0,1,0,1,N,1,0,62,62
XCP_MISSING_END_CUST_V,VIEW,HEURISTIC,ROOT,ROOT,0,1,0,1,0,N,0,1,,
XCP_MISSING_PRODUCTS,TABLE,HEURISTIC,TERMINAL,TERMINAL,1,0,1,0,1,N,1,0,60,60
XCP_MISSING_PRODUCTS_V,VIEW,HEURISTIC,ROOT,ROOT,0,1,0,1,0,N,0,1,,
XCP_OPPTY_MULTIPLE_GRAZT,TABLE,HEURISTIC,TERMINAL,TERMINAL,1,0,1,0,1,N,1,0,275,275
XCP_OPPTY_MULTIPLE_GRAZT_V,VIEW,HEURISTIC,ROOT,ROOT,0,1,0,1,0,N,0,1,,
XCP_OPPTY_MULTIPLE_OWNERS,TABLE,HEURISTIC,TERMINAL,TERMINAL,1,0,1,0,1,N,1,0,274,274
XCP_OPPTY_MULTIPLE_OWNERS_V,VIEW,HEURISTIC,ROOT,ROOT,0,1,0,1,0,N,0,1,,
XCP_OPPTY_MUTLIPLE_ACCTS,TABLE,HEURISTIC,TERMINAL,TERMINAL,1,0,1,0,1,N,1,0,273,273
XCP_OPPTY_MUTLIPLE_ACCTS_V,VIEW,HEURISTIC,ROOT,ROOT,0,1,0,1,0,N,0,1,,
XCP_OPPTY_PROD_UPLOAD,TABLE,HEURISTIC,TERMINAL,TERMINAL,1,0,1,0,1,N,1,0,276,276
XCP_OPPTY_PROD_UPLOAD_V,VIEW,HEURISTIC,ROOT,ROOT,0,1,0,1,0,N,0,1,,
XCP_RG_ACCT_CAN_C1,TABLE,HEURISTIC,TERMINAL,TERMINAL,1,0,1,0,1,N,1,0,264,264
XCP_RG_ACCT_CAN_C1_V,VIEW,HEURISTIC,ROOT,ROOT,0,1,0,1,0,N,0,1,,
XCP_RG_CUSTOM_LINE_C1,TABLE,HEURISTIC,TERMINAL,TERMINAL,1,0,1,0,1,N,1,0,265,265
XCP_RG_CUSTOM_LINE_C1_V,VIEW,HEURISTIC,ROOT,ROOT,0,1,0,1,0,N,0,1,,
XCP_RG_CUSTOM_LINE_C2,TABLE,HEURISTIC,TERMINAL,TERMINAL,1,0,1,0,1,N,1,0,266,266
XCP_RG_CUSTOM_LINE_C2_V,VIEW,HEURISTIC,ROOT,ROOT,0,1,0,1,0,N,0,1,,
XCP_RG_OPP_C1,TABLE,HEURISTIC,TERMINAL,TERMINAL,1,0,1,0,1,N,1,0,267,267
XCP_RG_OPP_C1_V,VIEW,HEURISTIC,ROOT,ROOT,0,1,0,1,0,N,0,1,,
